name,poem_count,top_chars
白居易,2643,"人,有,日,君,时"
杜甫,1150,"人,日,风,江,有"
李白,895,"人,天,山,云,风"
佚名,841,"天,有,神,德,明"
齐己,782,"风,有,山,人,云"
刘禹锡,702,"人,风,山,日,时"
元稹,592,"人,有,君,我,风"
李商隐,554,"有,人,风,日,时"
贯休,552,"人,如,山,有,天"
韦应物,551,"山,人,日,时,高"
陆龟蒙,519,"风,人,有,云,如"
刘长卿,508,"人,山,云,水,日"
皎然,506,"山,人,心,云,风"
杜牧,483,"人,风,日,山,云"
许浑,481,"山,风,云,水,月"
罗隐,469,"人,有,风,时,年"
张籍,466,"人,行,日,山,君"
姚合,457,"人,山,日,酒,相"
钱起,422,"云,山,人,日,花"
贾岛,404,"山,人,日,月,秋"
孟郊,402,"人,有,日,风,心"
王建,394,"人,山,头,日,家"
岑参,387,"人,山,君,云,月"
韩愈,372,"有,我,日,相,人"
皮日休,353,"如,有,人,云,日"
温庭筠,350,"春,花,风,金,水"
王维,349,"人,山,日,君,天"
张祜,347,"人,山,日,长,云"
权德舆,338,"风,人,清,相,云"
方干,336,"山,人,风,知,云"
韦庄,335,"人,花,云,日,春"
杜荀鹤,324,"人,山,时,未,有"
卢纶,322,"山,人,云,风,花"
韩偓,315,"人,风,花,时,日"
郑谷,312,"春,花,风,人,江"
张说,298,"人,天,山,日,心"
戴叔伦,288,"人,山,风,日,水"
李中,287,"月,风,花,梦,烟"
吴融,285,"人,有,风,云,月"
李端,271,"人,山,君,日,见"
薛能,270,"人,日,风,有,春"
孟浩然,267,"山,人,日,江,风"
赵嘏,257,"人,日,风,春,云"
徐铉,246,"人,风,山,春,日"
徐夤,245,"日,人,月,风,金"
皇甫冉,241,"山,人,远,日,云"
李群玉,238,"云,风,水,天,人"
李贺,234,"花,风,人,水,天"
顾况,234,"人,山,风,生,有"
司空图,230,"人,花,风,有,时"
李峤,214,"日,云,风,花,月"
高適,208,"人,山,知,君,日"
李频,203,"山,日,人,相,归"
黄滔,198,"人,日,山,风,月"
周昙,195,"人,能,知,国,有"
施肩吾,194,"人,年,花,夜,日"
张九龄,193,"有,人,云,山,日"
武元衡,192,"风,云,山,人,春"
宋之问,192,"山,日,云,人,天"
鲍溶,188,"人,日,风,天,云"
耿湋,180,"人,远,山,日,草"
王昌龄,178,"山,月,风,人,云"
李咸用,177,"风,人,云,时,山"
李益,177,"风,人,山,云,年"
储光羲,176,"山,天,云,清,人"
司空曙,174,"人,山,风,水,青"
沈佺期,170,"天,云,春,日,山"
柳宗元,169,"人,天,山,有,风"
张乔,168,"山,云,人,月,归"
马戴,167,"云,山,人,生,月"
李洞,167,"山,人,云,月,雪"
韩翃,166,"人,山,日,春,风"
唐彦谦,166,"风,人,春,花,有"
胡曾,166,"人,山,王,天,风"
朱庆馀,161,"人,山,日,在,处"
无名氏,157,"风,人,云,花,山"
杨巨源,147,"天,云,风,花,清"
曹松,145,"云,山,日,人,风"
罗邺,143,"人,花,山,风,年"
刘得仁,138,"人,山,日,有,云"
许棠,137,"人,山,风,多,日"
李德裕,135,"山,日,人,清,有"
李嘉祐,133,"人,山,水,日,花"
李颀,129,"人,山,日,云,花"
李绅,126,"风,月,山,云,水"
骆宾王,124,"风,月,山,水,里"
雍陶,123,"人,山,风,花,时"
戎昱,118,"人,日,天,风,心"
刘商,111,"人,日,风,天,山"
陈陶,110,"云,天,风,人,山"
卢照邻,108,"云,风,山,人,天"
李涉,108,"人,年,山,水,云"
吕岩,106,"人,天,生,金,道"
曹邺,106,"人,如,有,山,日"
苏颋,105,"天,日,花,云,人"
吕温,104,"人,风,时,有,天"
张蠙,102,"人,有,家,山,日"
崔涂,101,"人,年,春,江,生"
刘沧,101,"山,水,云,风,月"
无可,98,"山,云,风,人,寒"
项斯,97,"人,归,有,时,日"
羊士谔,94,"风,山,人,日,清"
周贺,93,"山,夜,人,归,行"
卢仝,92,"天,人,心,我,君"
徐凝,91,"人,花,白,山,水"
元结,91,"人,有,山,欲,能"
薛逢,91,"日,年,人,云,天"
陈子昂,90,"云,白,山,人,子"
李建勋,88,"风,日,春,人,闲"
李世民,88,"风,云,花,日,长"
独孤及,82,"日,山,天,人,风"
王勃,81,"花,山,江,相,风"
欧阳詹,80,"人,有,云,风,天"
李山甫,78,"风,人,云,春,天"
吴筠,77,"天,道,人,心,然"
薛涛,77,"风,花,春,人,玉"
殷尧藩,77,"花,日,山,人,雨"
孙元晏,75,"人,知,君,将,有"
刘驾,74,"人,日,城,如,归"
刘兼,73,"风,花,春,云,金"
顾非熊,72,"人,客,山,声,风"
章孝标,72,"风,云,花,人,天"
郎士元,72,"山,人,秋,日,水"
李郢,71,"山,日,人,春,清"
刘言史,71,"人,花,时,风,天"
于鹄,69,"人,山,长,年,有"
严维,68,"山,时,人,日,月"
崔道融,67,"人,花,月,春,风"
王贞白,66,"长,风,人,月,时"
李隆基,66,"人,天,风,长,云"
喻凫,64,"风,花,山,月,云"
牟融,62,"风,人,客,山,林"
陈羽,61,"人,山,相,水,花"
杨衡,60,"云,风,人,水,日"
孙逖,60,"山,江,春,云,日"
汪遵,60,"人,风,高,事,如"
王周,53,"如,有,人,水,风"
常建,52,"人,日,天,云,清"
崔国辅,52,"时,年,相,春,望"
令狐楚,51,"风,玉,春,花,人"
于武陵,51,"人,风,应,山,客"
裴说,51,"人,有,山,高,相"
皇甫曾,50,"山,云,心,寒,知"
段成式,50,"成,式,段,张,复"
于濆,49,"人,日,长,妾,家"
武则天,48,"诚,德,礼,惟,方"
鱼玄机,48,"春,月,花,风,山"
张继,48,"山,人,风,客,年"
高骈,48,"人,花,满,今,水"
崔峒,48,"人,云,山,江,相"
包佶,48,"礼,风,神,惟,年"
崔颢,48,"人,长,日,春,家"
周朴,45,"人,山,风,云,高"
李乂,44,"日,天,水,地,临"
聂夷中,43,"人,日,在,如,生"
贾至,43,"云,里,风,长,日"
灵一,42,"山,云,水,风,月"
王绩,42,"人,有,知,长,山"
杜审言,41,"春,风,新,人,花"
曹唐,40,"花,玉,风,云,人"
张谓,40,"人,花,山,相,子"
窦巩,40,"人,年,花,飞,水"
裴夷直,40,"日,风,应,玉,知"
谭用之,39,"人,风,花,烟,云"
杨凝,39,"路,风,花,相,家"
司马扎,39,"人,山,花,月,空"
储嗣宗,39,"山,风,草,人,花"
虞世南,38,"飞,山,风,金,轻"
秦系,38,"山,人,时,知,云"
李煜,37,"春,花,月,人,梦"
徐彦伯,37,"花,玉,金,树,春"
秦韬玉,37,"人,风,山,云,春"
祖咏,36,"水,山,人,云,路"
魏徵,36,"斯,荐,既,万,德"
唐求,35,"山,日,水,秋,寒"
李远,35,"人,处,风,玉,水"
褚亮,35,"神,德,风,斯,光"
陆畅,35,"花,人,山,里,云"
李昌符,35,"人,多,风,归,雨"
孙光宪,35,"人,花,春,风,香"
崔湜,34,"山,风,年,月,城"
于邺,34,"人,有,应,山,几"
刘希夷,33,"春,花,人,风,落"
姚鹄,33,"日,归,云,望,同"
杨炯,33,"天,风,日,山,千"
林宽,33,"门,时,风,日,空"
邵谒,33,"人,如,天,有,日"
高蟾,32,"人,日,风,天,年"
尚颜,32,"山,云,道,诗,人"
王涯,32,"风,春,时,夜,人"
张泌,32,"花,风,春,香,烟"
孟贯,31,"山,云,路,相,多"
雍裕之,31,"风,声,年,似,明"
冯延巳,31,"风,花,春,人,月"
翁承赞,30,"风,长,花,归,心"
颜真卿,30,"颜,真,然,卿,皎"
熊孺登,30,"人,山,春,花,声"
张仲素,30,"水,夜,人,云,月"
郑巢,29,"寒,云,山,秋,远"
裴迪,29,"日,山,人,时,水"
刘方平,29,"月,春,日,花,风"
苏拯,29,"天,人,生,如,地"
崔橹,29,"人,烟,风,日,如"
卢肇,28,"人,日,如,时,知"
李百药,28,"风,长,落,日,年"
来鹄,28,"有,史,风,人,时"
许敬宗,28,"天,云,临,风,游"
杜光庭,28,"人,云,天,有,长"
裴度,28,"白,刘,度,裴,禹"
刘宪,27,"风,春,新,天,游"
刘叉,27,"人,天,有,生,古"
修睦,27,"人,长,日,有,雨"
张南史,27,"云,风,山,水,人"
刘威,27,"风,日,山,月,归"
殷文圭,27,"人,金,吟,玉,九"
窦常,26,"人,风,春,在,花"
沈亚之,26,"日,如,春,花,云"
朱放,26,"山,人,处,水,相"
章碣,26,"风,山,人,花,天"
綦毋潜,26,"人,路,花,山,客"
子兰,25,"人,声,尽,骨,长"
欧阳炯,25,"花,春,人,金,红"
韩琮,25,"如,云,花,春,年"
郑愔,25,"花,风,吹,日,天"
卢象,25,"人,相,山,时,家"
和凝,24,"金,香,花,玉,风"
窦群,23,"人,苍,白,相,光"
朱湾,23,"心,人,有,山,云"
赵彦昭,22,"天,年,花,新,奉"
毛文锡,22,"春,花,金,相,风"
乔知之,22,"君,妾,相,结,春"
杨师道,22,"风,春,花,水,日"
长孙佐辅,22,"心,还,相,如,独"
周繇,22,"山,风,日,烟,城"
清江,21,"人,月,风,客,春"
陆希声,21,"山,人,君,向,青"
张鷟,21,"人,心,时,处,花"
窦牟,21,"风,人,日,天,时"
伍乔,21,"山,云,水,时,林"
孙鲂,21,"风,春,人,看,年"
许彬,20,"更,相,人,深,见"
孟云卿,20,"人,天,远,生,行"
上官仪,20,"花,风,云,流,台"
贺知章,20,"有,风,春,成,天"
杨凌,20,"山,风,路,日,水"
窦庠,20,"人,山,有,天,处"
萧颖士,19,"有,子,人,风,我"
崔融,19,"天,山,西,风,月"
包何,19,"君,日,人,行,山"
杨凭,19,"月,人,湘,云,花"
董思恭,19,"风,光,妇,红,远"
胡宿,19,"人,长,沈,金,云"
李九龄,19,"人,风,更,问,有"
成彦雄,19,"人,花,烟,出,枝"
郭震,18,"君,人,风,月,有"
任翻,18,"江,年,夜,门,明"
张子容,18,"花,江,云,人,月"
陶翰,18,"天,日,风,心,门"
喻坦之,18,"江,水,山,草,行"
李冶,18,"相,月,山,时,人"
皇甫松,18,"花,人,红,船,江"
李適,17,"花,山,天,香,光"
赵冬曦,17,"天,人,山,春,风"
顾夐,17,"香,小,花,屏,金"
王初,17,"玉,春,风,夜,月"
灵澈,17,"山,人,月,空,老"
沈彬,17,"人,日,云,秋,生"
李珣,17,"花,水,月,春,处"
王翰,17,"人,长,君,见,日"
孟迟,17,"山,有,日,香,人"
张又新,17,"翠,今,水,春,山"
王毂,17,"风,天,人,日,神"
张贲,16,"云,空,文,白,仙"
刘昚虚,16,"日,有,山,水,花"
刘复,16,"山,水,日,人,相"
武平一,16,"开,水,回,景,下"
徐氏,16,"山,风,翠,金,云"
栖白,16,"夜,秋,山,云,空"
法振,16,"花,山,欲,月,春"
广宣,16,"道,日,天,人,路"
苏味道,15,"飞,从,花,落,行"
张碧,15,"风,云,天,山,生"
李适,15,"风,时,节,乐,同"
李华,15,"人,山,生,天,日"
朱景玄,15,"山,晓,风,云,清"
阎朝隐,15,"莲,春,君,日,气"
梁锽,15,"春,时,镜,家,年"
蒋吉,15,"人,山,马,水,下"
崔曙,15,"山,云,风,雨,时"
郑遨,15,"格,诗,风,旨,骚"
牛峤,15,"春,风,花,金,翠"
畅当,15,"山,风,君,水,见"
郑畋,14,"宫,云,人,天,玉"
薛稷,14,"灵,既,德,阴,游"
刘昭禹,14,"山,日,云,吟,瀑"
虚中,14,"在,人,生,南,时"
王仁裕,14,"云,天,白,路,前"
褚载,14,"知,万,人,风,看"
王季友,14,"山,人,在,我,同"
翁绶,14,"楼,陇,人,雪,古"
卢延让,13,"天,犹,花,春,人"
杨发,13,"风,日,人,似,未"
翁洮,13,"云,花,风,高,处"
陈子良,13,"落,花,云,春,月"
庄南杰,13,"山,白,风,花,秋"
李纾,13,"清,乐,尊,宗,礼"
卢僎,13,"风,天,云,花,海"
丘为,13,"日,水,时,孤,山"
毛熙震,13,"香,语,花,云,轻"
丘丹,13,"山,月,风,见,谢"
卢殷,13,"年,时,白,人,月"
薛据,12,"时,风,空,客,人"
马怀素,12,"日,柳,帝,阳,舆"
柳中庸,12,"弦,春,人,山,知"
薛存诚,12,"日,云,龙,千,恩"
尹鹗,12,"金,香,月,花,红"
韦处厚,12,"山,高,磊,晓,钩"
杨夔,12,"行,春,云,城,情"
崔日用,12,"金,风,春,色,圣"
护国,12,"空,山,在,松,天"
张谔,12,"朝,子,日,夜,半"
蒋防,12,"日,微,风,同,天"
栖蟾,12,"人,年,云,几,青"
陈标,12,"风,春,愁,红,天"
陈去疾,12,"花,春,开,见,影"
徐安贞,11,"春,近,月,天,归"
薛莹,11,"人,云,处,日,前"
孔德绍,11,"风,云,山,似,心"
丁仙芝,11,"开,明,出,流,船"
李廓,11,"马,人,归,春,花"
郑锡,11,"水,关,秋,晓,风"
徐坚,11,"风,远,下,日,云"
水神,11,"波,水,风,君,云"
王睿,11,"君,叶,树,风,枨"
姚系,11,"秋,人,风,袅,山"
吴仁璧,11,"金,碧,山,看,在"
冷朝阳,11,"月,风,色,秋,空"
熊皎,10,"天,云,人,风,有"
韦元旦,10,"承,年,九,月,云"
李赤,10,"人,石,花,云,相"
费冠卿,10,"名,山,人,地,风"
王湾,10,"入,山,行,书,长"
许坚,10,"山,落,有,栖,高"
卢鸿一,10,"曰,仙,盖,幽,有"
蒋贻恭,10,"下,处,向,半,似"
袁晖,10,"情,坐,月,日,金"
崔珏,10,"人,相,寒,如,春"
左偃,10,"寒,独,天,日,今"
萧至忠,9,"春,水,下,天,望"
崔涯,9,"断,月,风,年,香"
可止,9,"雪,白,年,在,春"
卢士衡,9,"枝,风,年,叶,人"
欧阳衮,9,"春,入,花,行,云"
窦叔向,9,"长,恩,仙,复,终"
魏承班,9,"金,花,愁,情,春"
吴商浩,9,"魂,风,空,堪,山"
常衮,9,"云,山,金,花,香"
韦蟾,9,"人,书,落,名,竹"
李约,9,"年,人,尽,春,生"
李义府,9,"春,朝,月,长,川"
王缙,9,"山,谁,月,下,兰"
陈叔达,9,"思,风,君,出,花"
李逢吉,9,"然,在,望,愔,念"
万楚,9,"日,长,人,山,花"
孟宾于,8,"风,春,秋,路,日"
包融,8,"人,树,落,时,朝"
处默,8,"山,多,风,云,萝"
武三思,8,"山,云,风,月,长"
薛曜,8,"风,云,日,天,山"
鲍防,8,"人,日,酒,月,山"
卢藏用,8,"山,云,千,人,天"
江为,8,"孤,雨,花,江,舟"
李昭象,8,"山,吟,未,难,云"
陈润,8,"日,人,雨,云,山"
李昂,8,"君,未,天,人,日"
孟简,8,"情,生,喧,君,心"
韦承庆,8,"春,花,里,年,远"
顾云,8,"人,风,天,云,时"
吴少微,8,"春,长,人,君,白"
张文琮,8,"梁,山,还,玉,独"
郎大家宋氏,8,"君,宛,时,转,巫"
李敬方,8,"日,远,过,更,非"
李治,8,"花,盖,云,轮,星"
杨汝士,8,"今,时,道,云,前"
薛昭蕴,8,"花,风,春,金,红"
薛奇童,7,"日,寒,秋,风,云"
于季子,7,"人,愿,万,归,叶"
孔绍安,7,"落,飞,惊,思,翻"
陈翊,7,"花,云,远,开,白"
张循之,7,"江,山,明,应,月"
白行简,7,"水,望,知,空,山"
韩溉,7,"色,见,尽,处,人"
史凤,7,"花,亦,人,莲,留"
于良史,7,"山,人,北,收,阳"
刘孝孙,7,"怀,清,风,云,流"
霍总,7,"日,子,有,连,生"
张衮,7,"和,永,皇,金,惟"
韦嗣立,7,"欢,时,曲,飞,共"
张登,7,"临,山,天,共,荒"
王諲,7,"君,妾,里,日,人"
阎选,7,"深,香,雨,双,人"
贺朝,7,"山,春,玉,金,见"
王无竞,7,"台,苍,曲,吹,云"
崔元翰,7,"人,时,新,心,清"
刘象,7,"日,几,清,家,成"
厉玄,7,"处,帆,归,山,空"
王驾,7,"春,人,吹,妾,在"
李显,7,"李,秦,王,长,司"
姚崇,7,"光,山,池,有,天"
崔液,7,"金,花,袖,歌,光"
张志和,7,"渔,江,钓,风,花"
李翱,7,"下,云,山,两,水"
舒元舆,7,"人,君,风,天,我"
伊用昌,7,"南,两,只,到,更"
王適,7,"情,罗,独,空,今"
蒋冽,7,"时,绿,相,正,在"
钱珝,7,"江,风,有,云,秋"
张彪,6,"事,时,行,日,心"
赵氏,6,"君,游,年,人,风"
詹敦仁,6,"柳,稻,下,耕,事"
李舒,6,"祀,既,永,盛,胙"
宗楚客,6,"日,玉,飞,水,游"
麹信陵,6,"真,水,外,浮,万"
林滋,6,"烟,青,落,风,色"
上官昭容,6,"山,水,长,情,风"
王喦,6,"花,处,春,家,醉"
崔护,6,"春,景,花,人,日"
李暇,6,"花,月,罗,别,小"
张旭,6,"清,云,烟,春,边"
朱长文,6,"在,月,云,山,西"
贾曾,6,"花,岁,年,欣,我"
张潮,6,"君,风,东,妾,襄"
郑损,6,"石,寒,莫,人,有"
王之涣,6,"河,山,春,柳,杨"
李贞白,6,"似,湖,如,当,格"
李忱,6,"云,万,方,大,长"
潘咸,6,"人,见,极,半,独"
王起,6,"见,闻,相,同,入"
牛希济,6,"相,月,重,风,山"
郑世翼,6,"云,霏,霭,雨,幽"
李沇,6,"云,天,正,光,月"
郑絪,6,"流,出,时,文,千"
廖融,6,"月,游,高,难,家"
徐仲雅,6,"风,如,出,有,生"
胡皓,6,"山,北,将,天,能"
慕幽,6,"声,行,处,断,水"
沈颂,6,"东,风,空,君,秋"
章八元,6,"雪,在,空,濛,旧"
徐贤妃,6,"重,朝,台,千,舞"
张均,6,"归,江,水,阳,白"
任希古,6,"星,日,秋,开,云"
陈存,6,"水,山,里,日,雨"
宋璟,6,"常,有,行,荣,山"
张柬之,6,"花,相,玉,红,女"
严武,6,"山,江,时,秋,君"
义净,6,"生,流,契,日,山"
刘湾,6,"死,云,天,身,白"
蜀宫群仙,6,"愁,见,到,情,春"
岑羲,6,"日,重,帝,辇,欢"
归仁,6,"心,日,更,白,生"
沈千运,5,"生,人,知,如,非"
隐峦,5,"山,里,十,五,月"
张易之,5,"坐,行,白,青,曲"
王鲁复,5,"人,还,明,转,数"
赵璜,5,"年,月,云,烟,桥"
阎宽,5,"心,深,天,风,兴"
可朋,5,"鼓,里,天,有,便"
杨嗣复,5,"人,愿,日,时,天"
徐锴,5,"灭,静,诗,香,日"
徐九皋,5,"长,城,金,玉,里"
沈传师,5,"山,日,更,深,年"
陈季卿,5,"吟,时,风,心,悲"
冯道,5,"时,人,往,知,方"
庾抱,5,"忽,影,人,风,皎"
云台峰女仙,5,"云,世,尘,华,仅"
文丙,5,"人,重,知,寒,谁"
李正封,5,"清,游,鹤,尘,山"
于邵,5,"祀,维,载,终,神"
李衍,5,"边,华,走,寻,千"
刘祎之,5,"野,仙,寒,金,声"
卢汝弼,5,"风,飞,恨,月,雁"
李程,5,"更,应,方,天,日"
许景先,5,"春,千,金,人,花"
权龙褒,5,"团,赤,青,没,明"
蔡希寂,5,"林,森,河,翠,城"
李嶷,5,"游,马,金,风,道"
殷遥,5,"花,归,人,山,暗"
周匡物,5,"天,十,龙,生,人"
郑准,5,"风,归,山,片,重"
牛僧孺,5,"湜,成,熙,颀,数"
汤悦,5,"还,同,时,重,怜"
徐晶,5,"山,日,朝,水,闲"
赵鸾鸾,5,"香,颗,春,弯,处"
郑綮,5,"风,时,泪,两,里"
李康成,5,"长,春,相,紫,云"
崔兴宗,5,"常,前,林,山,青"
吕渭,5,"草,南,天,旧,海"
徐敞,5,"清,光,气,色,浮"
欧阳玭,5,"云,关,春,山,花"
张夫人,5,"月,拜,新,花,今"
郭元振,5,"心,有,汉,画,风"
杨乘,5,"日,风,天,小,人"
崔备,5,"年,回,山,清,香"
吴越人,5,"寒,盘,干,桃,看"
张聿,5,"日,树,清,天,云"
姚月华,5,"天,君,妾,结,愿"
阎防,5,"人,山,心,迹,门"
李宣古,5,"人,声,云,至,苍"
田娥,5,"君,色,月,日,只"
晁采,5,"郎,日,侬,花,夜"
慧净,5,"生,华,祇,海,花"
王元,5,"孤,独,前,风,古"
袁朗,5,"风,落,长,归,千"
段文昌,5,"肃,登,明,清,风"
张窈窕,5,"衣,卖,门,有,裳"
张纮,4,"君,时,生,意,相"
何希尧,4,"风,点,东,沈,莲"
柳棠,4,"未,辈,相,俦,风"
崔邠,4,"室,方,在,醴,定"
李渤,4,"云,年,南,山,心"
鹿虔扆,4,"玉,烟,云,清,风"
柳公权,4,"衣,春,今,分,从"
辛弘智,4,"君,如,夜,出,思"
岑文本,4,"清,玉,凤,天,书"
孙昌胤,4,"开,山,云,君,飞"
李玖,4,"春,新,光,水,月"
袁郊,4,"旱,天,却,处,解"
李邕,4,"有,山,西,扰,迹"
温宪,4,"村,犹,和,里,风"
郑璧,4,"风,玉,飞,明,留"
张鼎,4,"风,出,江,处,凋"
纪唐夫,4,"连,山,春,路,云"
公乘亿,4,"摇,北,秋,待,散"
李存勖,4,"云,如,时,梦,金"
袁皓,4,"路,黄,知,香,逢"
马异,4,"天,我,君,文,相"
蒋维翰,4,"人,美,红,闭,夜"
袁不约,4,"步,泪,傍,声,花"
杨收,4,"树,兔,门,里,千"
万齐融,4,"水,子,天,绿,花"
郑愚,4,"见,海,台,似,贱"
王泠然,4,"山,时,夜,道,空"
王偃,4,"北,汉,明,青,银"
许孟容,4,"成,有,觞,象,辂"
卓英英,4,"和,仙,丹,神,春"
赵光逢,4,"天,德,命,感,百"
易思,4,"松,山,花,微,落"
魏知古,4,"时,今,羽,仁,陈"
皇甫澈,4,"烈,圣,昭,器,事"
王琚,4,"心,清,烟,方,长"
张文姬,4,"溪,溶,水,绿,日"
梁琼,4,"云,山,如,月,君"
贾彦璋,4,"云,日,光,夕,望"
姚揆,4,"声,日,吟,头,半"
鲍君徽,4,"花,风,朝,闻,新"
李迥秀,4,"金,日,重,回,万"
吉师老,4,"君,文,月,啼,水"
员半千,4,"云,出,锵,风,有"
马逢,4,"天,风,楼,红,汉"
杨希道,4,"声,弦,调,楚,音"
纥干著,4,"春,鸣,向,风,宫"
郑鏦,4,"秦,苦,云,人,事"
李吉甫,4,"园,赠,南,垂,在"
崔泰之,4,"临,日,山,洛,时"
刘迥,4,"云,白,代,日,迹"
谢良辅,4,"南,忆,长,家,江"
孟氏,4,"惜,春,知,郎,恐"
沈廷瑞,4,"后,山,期,事,相"
韦渠牟,4,"玉,仙,云,金,风"
马湘,4,"山,人,非,作,心"
张辞,4,"年,张,即,辞,常"
元季川,4,"我,悠,悲,心,日"
刘允济,4,"云,风,惊,宫,人"
蒋涣,4,"树,北,凤,步,年"
韩仲宣,4,"日,华,霞,欲,花"
卿云,4,"书,生,云,居,花"
王烈,4,"白,长,路,人,红"
高瑾,4,"相,春,知,人,莺"
善生,4,"游,然,山,衣,了"
陆长源,4,"著,芙,值,萝,青"
李璟,4,"花,风,珠,水,落"
步非烟,4,"恨,双,春,相,飞"
郭子仪,4,"穆,於,昭,愔,惟"
周濆,4,"笑,人,宫,露,泠"
李观,4,"山,失,光,松,风"
廖匡图,4,"古,日,曾,烟,枯"
黄损,4,"春,人,云,风,半"
刘庭琦,4,"里,人,水,胜,月"
陆敬,4,"风,叶,玄,高,谁"
韩休,4,"神,清,事,受,於"
韩熙载,4,"江,风,归,我,衣"
李泌,4,"如,天,丈,吾,宴"
潘佑,4,"人,云,千,水,暮"
孙棨,4,"如,新,寒,西,邻"
裴漼,4,"年,军,天,光,将"
姚康,4,"日,穷,光,台,登"
源乾曜,4,"光,明,人,恩,命"
韦述,4,"云,树,光,开,水"
刘斌,4,"修,水,闻,流,遗"
李回,4,"受,夷,路,山,天"
李家明,4,"龙,正,合,斜,溶"
郑澣,4,"如,青,人,石,台"
席豫,4,"山,圣,蔼,沙,天"
胡令能,4,"人,身,花,草,堂"
赵彦伯,4,"年,出,长,同,愿"
杨凝式,4,"学,堆,公,未,年"
张元一,4,"马,著,草,骑,作"
冯著,4,"春,尔,相,人,屋"
李绛,4,"花,相,易,年,禹"
奚贾,3,"成,道,隐,知,容"
苏郁,3,"夜,更,十,个,莫"
李景伯,3,"回,侍,非,恐,窃"
谢偃,3,"花,春,新,声,歌"
王表,3,"春,城,明,楼,日"
张汇,3,"风,微,冰,尘,入"
皇甫湜,3,"然,人,有,间,天"
陆贽,3,"阴,烟,初,日,光"
卢贞,3,"依,树,采,重,九"
丁泽,3,"天,月,日,青,非"
常理,3,"君,花,意,落,小"
张众甫,3,"看,飞,风,独,江"
刘猛,3,"月,光,夜,日,老"
柳公绰,3,"花,夜,山,人,年"
周弘亮,3,"处,风,云,春,明"
裴次元,3,"霜,在,入,散,流"
叶季良,3,"寒,在,随,瑶,比"
潘孟阳,3,"云,答,恩,在,同"
张荐,3,"天,子,春,日,漫"
郑还古,3,"堪,前,骨,歌,生"
湛贲,3,"知,迹,池,能,贵"
杨於陵,3,"时,下,术,受,朝"
崔子向,3,"人,越,木,年,直"
范传正,3,"微,暧,未,融,情"
蔡京,3,"家,山,深,风,逐"
韦皋,3,"至,间,黄,鱼,秦"
窦参,3,"云,飞,有,欲,草"
贺兰进明,3,"见,君,人,空,生"
孙叔向,3,"然,向,迟,主,四"
林藻,3,"出,头,向,分,影"
崔立之,3,"乍,气,入,光,天"
刘皂,3,"阳,君,行,泪,心"
郑常,3,"山,云,野,鸟,江"
欧阳询,3,"团,谁,应,地,下"
冯伉,3,"煌,秩,容,羽,陈"
李希仲,3,"身,边,羽,日,将"
薛馧,3,"前,香,见,理,娇"
慧宣,3,"方,生,绝,深,始"
崔莺莺,3,"人,下,羞,郎,待"
王福娘,3,"日,心,分,赋,人"
刘瑶,3,"遥,花,团,天,耿"
廉氏,3,"生,时,独,微,思"
崔仲容,3,"剪,云,未,归,春"
崔萱,3,"灼,沈,漾,春,明"
刘云,3,"妾,有,秋,蔼,亦"
孙氏,3,"夜,风,玉,飒,满"
程长文,3,"人,时,月,当,如"
寒山,3,"人,有,我,心,生"
李舜弦,3,"濛,香,独,边,池"
王韫秀,3,"秦,阁,贵,机,春"
苏广文,3,"白,春,里,溪,云"
韩常侍,3,"烟,伴,山,拂,锦"
王勣,3,"日,长,妆,人,云"
狄焕,3,"雨,两,棹,天,烟"
胡玢,3,"巢,看,尔,桑,莫"
詹琲,3,"衣,五,鸿,栖,甘"
刘乙,3,"开,今,吾,天,道"
景云,3,"台,门,归,松,鸟"
法照,3,"山,过,多,家,僧"
张萧远,3,"从,辞,光,门,时"
滕传胤,3,"莲,花,潮,立,折"
徐昌图,3,"红,处,孤,风,梦"
裴谞,3,"神,似,畔,风,如"
刘行敏,3,"长,终,生,知,宴"
韦璜,3,"泉,心,日,知,人"
王轩,3,"人,千,国,入,春"
西施,3,"间,鸟,云,外,人"
何光远,3,"檐,桥,琼,佩,解"
龙女,3,"水,月,苦,当,求"
湘中蛟女,3,"华,佳,熙,陶,盈"
眉娘,3,"丹,仙,青,变,有"
知玄,3,"生,花,馀,龙,千"
上元夫人,3,"蓬,云,窥,能,君"
张白,3,"陵,武,天,酒,个"
许宣平,3,"人,归,居,朝,谷"
李梦符,3,"渔,罢,到,徐,修"
惟审,3,"空,春,茫,滴,啼"
李亨,3,"王,惟,天,生,道"
昙域,3,"时,长,山,松,生"
若虚,3,"年,藓,前,松,夜"
澹交,3,"身,未,荣,悠,梦"
刘晏,3,"神,汉,光,有,祚"
翁宏,3,"残,又,今,飞,将"
郑馀庆,3,"开,翠,情,邸,孙"
王铎,3,"主,解,入,光,玉"
李縠,3,"月,归,向,文,声"
赵鸿,3,"青,悠,孤,大,人"
郑仁表,3,"人,拍,时,路,峡"
李骘,3,"云,日,草,远,春"
萧遘,3,"青,瑟,国,江,平"
武瓘,3,"花,人,满,还,谢"
齐浣,3,"君,茕,寂,思,月"
莫宣卿,3,"光,同,书,长,寒"
刘绮庄,3,"人,日,桂,栖,卒"
黄颇,3,"年,堂,羡,生,奏"
杨玢,3,"秋,堪,离,又,我"
祝元膺,3,"天,入,乡,冥,青"
郑史,3,"宋,从,玉,薄,江"
东方虬,3,"春,花,似,胡,龙"
魏扶,3,"尘,深,年,烟,远"
平曾,3,"风,毛,日,珠,看"
朱光弼,3,"王,魏,见,舞,心"
张若虚,3,"月,江,人,流,相"
杜頠,3,"里,马,时,兵,城"
朱昼,3,"色,心,青,我,有"
颜萱,3,"问,当,时,先,生"
郑渥,3,"客,东,回,处,西"
顾在镕,3,"微,坐,犬,高,孤"
贾驰,3,"关,城,河,孤,耿"
钟谟,3,"翩,北,恩,事,南"
萧仿,3,"汪,圣,金,长,渎"
廖凝,3,"日,遥,今,木,纷"
卢从愿,3,"方,坛,乐,发,后"
宋齐丘,3,"天,如,石,欲,金"
李涛,3,"将,社,事,禅,客"
罗衮,3,"年,海,从,望,处"
罗绍威,3,"妆,汉,交,叶,出"
黄巢,3,"花,飒,年,天,尽"
捧剑仆,3,"人,心,出,种,呜"
卢怀慎,3,"疑,空,德,大,代"
陈光,3,"色,云,天,尘,春"
张为,3,"梦,天,醉,我,重"
伍唐珪,3,"苔,堪,钓,水,客"
郑良士,3,"冷,溪,树,风,客"
蔡孚,3,"龙,昔,月,看,马"
路德延,3,"小,时,相,寻,画"
王涣,3,"花,人,君,月,谢"
孙偓,3,"后,日,更,传,同"
韦夏卿,3,"山,霞,切,萧,必"
卢频,3,"花,春,荷,草,心"
李晔,3,"烟,双,山,知,长"
李元纮,3,"花,河,马,君,时"
沈如筠,3,"山,君,流,梦,云"
刘太真,3,"苒,独,见,登,历"
李林甫,3,"月,云,望,东,文"
尹懋,3,"水,山,江,风,湘"
任华,3,"有,人,知,山,狂"
沈宇,3,"青,房,日,风,洞"
崔翘,3,"芳,年,山,文,云"
杜淹,3,"长,心,道,冠,悠"
李岑,3,"日,天,从,帝,轩"
陈元光,3,"龙,岳,介,重,戎"
李崇嗣,3,"愁,尽,知,普,道"
陈希烈,3,"王,光,依,山,心"
周瑀,3,"山,青,纷,云,思"
乔备,3,"纷,秋,思,谁,日"
褚朝阳,3,"时,空,越,池,香"
赵徵明,3,"日,别,凄,时,丛"
张敬忠,3,"落,谁,兵,专,心"
楼颖,3,"水,门,适,青,兴"
长孙无忌,3,"风,游,飒,逐,谁"
张万顷,3,"水,秦,君,山,东"
张昌宗,3,"游,云,掩,车,吹"
崔知贤,3,"芳,风,春,月,居"
宋昱,3,"云,归,生,地,翠"
元万顷,3,"春,夜,凤,阁,帝"
王丘,3,"入,天,风,云,高"
陈嘉言,3,"连,色,归,金,客"
毕耀,3,"玉,人,清,珊,盈"
崔善为,3,"花,重,气,秋,条"
杨浚,3,"草,云,登,阶,直"
韦安石,3,"深,忘,天,露,百"
韩滉,3,"春,年,向,管,日"
徐延寿,3,"春,垂,国,人,起"
李憕,3,"知,才,天,开,云"
张嘉贞,3,"山,天,人,川,明"
常楚老,2,"夜,如,撩,起,腐"
崔玄童,2,"永,聿,琮,福,景"
许碏,2,"人,玉,通,力,精"
赵良器,2,"恩,帝,人,命,万"
熊皦,2,"童,始,平,千,水"
布燮,2,"人,饮,夜,泸,当"
许鼎,2,"淼,悠,犹,苍,水"
酒肆布衣,2,"时,人,春,连,形"
白敏中,2,"天,风,皇,朝,数"
杨谏,2,"江,云,思,时,人"
何扶,2,"旧,花,新,人,年"
李馀,2,"花,子,丝,君,渡"
李瀚,2,"王,张,子,周,陈"
天宝宫人,2,"叶,人,寄,春,题"
郑繇,2,"下,涓,波,寥,廓"
王晙,2,"穰,穆,福,降,备"
崔铉,2,"边,里,解,万,运"
裴潾,2,"我,有,山,如,莫"
柯崇,2,"金,黄,尘,馀,半"
张烜,2,"贱,丝,清,御,路"
金厚载,2,"寂,远,台,波,清"
杨汉公,2,"销,溪,水,楼,清"
窦梁宾,2,"晓,初,红,花,手"
王霞卿,2,"正,烟,春,折,桂"
张希复,2,"共,叶,残,闲,好"
越溪杨女,2,"花,月,生,谢,杨"
李景,2,"长,春,路,雪,风"
柳氏,2,"年,杨,随,堪,岂"
织女,2,"人,期,更,汉,情"
嵩山女,2,"君,神,有,仙,我"
张巡,2,"战,尘,苦,月,更"
何鸾,2,"永,乐,奏,万,福"
王仙仙,2,"相,笼,作,鸳,日"
张元宗,2,"马,胡,茂,路,足"
顾朝阳,2,"莫,将,月,衣,尽"
杜正伦,2,"暮,君,日,玄,风"
钟离权,2,"君,神,心,言,须"
权审,2,"日,愁,多,明,朝"
梁氏琼,2,"妾,死,行,月,胡"
洛川仙女,2,"生,长,术,浮,日"
黄崇嘏,2,"镜,辞,在,松,眉"
元晦,2,"水,西,翻,金,驰"
郭良,2,"林,水,门,山,重"
刘道昌,2,"丹,满,气,功,年"
崔日知,2,"子,高,思,既,日"
李太玄,2,"偶,似,处,茫,复"
梁献,2,"图,点,山,月,衣"
赵谦光,2,"锦,文,列,应,外"
李宾,2,"海,眺,花,风,山"
芮挺章,2,"青,骑,水,玉,衔"
萧彧,2,"情,离,玉,别,篱"
豆卢复,2,"年,多,春,幸,色"
夏侯孜,2,"章,铄,庆,流,报"
吴武陵,2,"生,逐,拂,谢,飏"
张昭,2,"荐,灵,金,星,玉"
封敖,2,"喜,九,日,帝,室"
虞羽客,2,"金,复,连,幽,都"
邹绍先,2,"枫,叶,伤,心,油"
张炽,2,"归,期,违,相,见"
富春沙际鬼,2,"潮,陊,生,名,向"
任生,2,"城,香,尘,心,下"
于頔,2,"我,高,依,水,清"
王感化,2,"天,旌,要,恣,游"
解琬,2,"香,瑞,山,烟,带"
赵蕃,2,"见,圣,发,光,杳"
张锡,2,"路,日,景,光,雪"
冯涓,2,"蜀,大,知,碍,水"
洛中举子,2,"风,尚,头,少,流"
林杰,2,"家,尽,羽,看,碧"
韩昭,2,"烟,秦,山,似,通"
张太华,2,"经,匆,夜,独,冥"
唐晅,2,"悲,阳,妆,空,台"
张令问,2,"试,问,眠,昼,风"
符载,2,"人,太,嫦,画,眉"
宋济,2,"吹,楼,风,花,胡"
杨廉,2,"远,仙,重,阳,浮"
庞德公,2,"千,岁,华,高,才"
陈至,2,"寒,非,水,开,色"
河北士人,2,"归,种,时,衣,握"
李公佐仆,2,"有,我,衣,嫌,尘"
花蕊夫人,2,"花,宫,金,人,红"
张光朝,2,"人,昔,山,成,兹"
严识玄,2,"寂,华,苔,满,沉"
朱冲和,2,"千,里,都,元,薨"
许学士,2,"天,日,归,千,太"
柳泌,2,"日,云,天,遥,开"
紫微孙处士,2,"年,深,玉,知,骨"
焦郁,2,"天,白,带,花,山"
郭良骥,2,"年,人,渺,尘,依"
吴烛,2,"秋,长,泪,承,前"
陈季,2,"月,野,君,清,声"
方壶居士,2,"谢,舟,都,大,业"
王邕,2,"万,在,转,声,风"
杜易简,2,"翻,响,店,近,呈"
唐扶,2,"从,回,大,迎,清"
张氏,2,"泉,今,那,路,迢"
刘晃,2,"大,君,明,赖,实"
萧嵩,2,"礼,帝,文,登,恩"
滕迈,2,"蔼,日,陌,边,里"
韩思复,2,"降,大,有,万,征"
虎丘石壁鬼,2,"幽,复,哀,知,虽"
李播,2,"琴,岁,朝,眠,洛"
李收,2,"幽,粉,独,作,霖"
源光裕,2,"永,毕,方,秀,日"
屈同仙,2,"见,塞,相,秋,地"
蒋挺,2,"维,大,福,降,止"
侯冽,2,"艳,发,繁,风,芳"
王甚夷,2,"和,露,蒙,春,袅"
赵微明,2,"日,别,白,凄,处"
李適之,2,"门,乐,相,今,朱"
萧昕,2,"云,作,襜,功,既"
张孜,2,"人,知,天,手,尘"
怀素,2,"人,松,重,座,对"
张曙,2,"人,雨,花,千,知"
童翰卿,2,"明,心,盈,脉,片"
刘邺,2,"曾,闲,年,迟,虚"
元孚,2,"月,泠,满,独,学"
陆海,2,"磬,灯,风,林,更"
张道古,2,"今,封,更,播,銮"
应物,2,"处,水,龙,画,平"
王季文,2,"天,出,半,阳,风"
孙郃,2,"生,国,子,落,人"
僧鸾,2,"天,明,风,清,西"
神颖,2,"兢,片,潭,古,树"
徐月英,2,"人,失,望,万,事"
怀楚,2,"十,到,寒,轩,连"
陈京,2,"乐,歌,德,至,皆"
潘纬,2,"古,今,风,客,对"
张翚,2,"茫,跻,暮,外,游"
弓嗣初,2,"春,晚,满,华,序"
高球,2,"林,年,春,洛,烟"
司马都,2,"尚,杯,酒,须,寒"
祝钦明,2,"实,微,閟,纂,聿"
王光庭,2,"通,熊,从,台,惠"
周思钧,2,"晚,亭,池,筵,雨"
裴虔馀,2,"日,微,玉,犹,黄"
胡雄,2,"送,海,肃,享,孝"
温庭皓,2,"光,春,相,寒,山"
杨炎,2,"千,万,翠,鸾,翅"
李休烈,2,"天,火,门,人,索"
刘氏云,2,"有,妾,朝,浮,亦"
高峤,2,"日,春,飞,荆,喜"
窦威,2,"方,匈,会,邑,扬"
邢巨,2,"潭,人,溪,海,迹"
薛昭纬,2,"文,衡,平,碟,汗"
郑启,2,"鹤,清,尘,归,未"
陆翱,2,"愁,东,人,石,衰"
罗虬,2,"红,儿,人,花,貌"
裴廷裕,2,"花,半,凄,双,风"
周彦晖,2,"带,蓂,雨,柳,华"
慧偘,2,"非,君,独,杵,知"
李搏,2,"新,风,化,随,曾"
元淳,2,"南,重,处,望,后"
法宣,2,"腰,束,娇,饶,里"
张祎,2,"人,风,东,元,遗"
归登,2,"在,尽,歌,嘉,外"
戴司颜,2,"非,梦,空,萧,冷"
袁瓘,2,"相,马,云,曲,人"
杜羔,2,"心,克,薰,德,咏"
孟昶,2,"时,风,暗,冰,汉"
欧阳瑾,2,"朝,柳,新,雨,轻"
孙处玄,2,"风,欲,王,壮,士"
钱镠,2,"了,没,期,衣,基"
大易,2,"云,未,草,臣,江"
长孙正隐,2,"重,迷,晚,烟,游"
释泚,2,"日,流,心,深,空"
崔璞,2,"菊,岁,敢,安,印"
寇坦,2,"水,兼,空,初,嘉"
苑咸,2,"天,还,文,筌,忘"
冯衮,2,"人,他,家,赌,低"
郑善玉,2,"载,酌,郁,列,迎"
舒道纪,2,"松,老,生,澄,有"
杨知至,2,"翩,春,燕,遇,泣"
周墀,2,"虽,雨,风,年,金"
赵光远,2,"玉,斜,瑶,见,圆"
张琰,2,"春,垂,花,啧,高"
裴休,2,"有,胜,华,知,日"
陈寡言,2,"人,群,还,今,形"
张宣明,2,"朝,悠,万,里,霜"
张固,2,"高,青,山,云,欢"
徐灵府,2,"生,性,寂,那,求"
严郾,2,"春,人,便,雪,少"
裴諴,2,"莲,相,有,争,知"
程紫霄,2,"守,庚,僧,录,琵"
张友正,2,"苍,春,欲,月,叶"
刘媛,2,"君,雨,阳,恩,学"
苏晋,2,"复,情,主,旆,诏"
谭铢,2,"山,性,或,色,偏"
卢尚书,2,"萧,经,半,邻,纱"
殷七七,2,"琴,肠,见,唱,阳"
姜晞,2,"天,灵,欲,傍,还"
张瑛,2,"空,苔,澄,青,沈"
丁棱,2,"皆,心,朝,天,时"
戈牢,2,"有,美,日,袅,知"
韩湘,2,"青,白,世,能,花"
姜皎,2,"龙,从,年,日,还"
滕白,2,"海,种,佳,新,别"
韦丹,2,"纷,日,生,冉,依"
裴耀卿,2,"人,讽,有,入,义"
葛鸦儿,2,"人,蓬,时,仙,玉"
许昼,2,"清,应,成,龙,见"
张齐贤,2,"既,祼,充,飨,愉"
无则,2,"般,知,时,双,谁"
高正臣,2,"落,符,景,迟,叶"
栖一,2,"悠,歌,流,山,尽"
范朝,2,"临,水,连,川,八"
沈颜,2,"亭,山,有,然,如"
李琪,2,"飞,苍,天,远,丈"
张修之,2,"长,平,今,应,改"
裴交泰,2,"宫,闭,种,北,管"
乾康,2,"相,隔,楼,出,奇"
张文恭,2,"两,归,忆,还,汉"
李旦,2,"深,天,地,扆,汹"
李节度姬,2,"绡,情,常,红,必"
杨莱儿,2,"口,莫,长,多,名"
李善夷,2,"堤,汉,虽,行,下"
无闷,2,"萋,石,山,他,向"
常浩,2,"月,时,人,年,画"
怀浦,2,"声,行,心,难,伏"
亚栖,2,"通,神,德,行,异"
宋鼎,2,"树,微,馀,鱼,汉"
杨牢,2,"愁,水,似,里,合"
于兴宗,2,"西,堪,积,天,客"
关盼盼,2,"楼,人,从,任,意"
卢渥,2,"城,人,满,天,映"
王沈,2,"花,萋,长,信,啼"
鲍家四弦,2,"月,白,楼,多,情"
卢溵,2,"台,风,疏,随,晓"
故台城妓,2,"玉,燕,春,梁,犹"
杨敬之,2,"人,诗,离,禾,观"
薛业,2,"年,今,戎,堂,射"
王训,2,"日,底,小,涧,竹"
孙頠,2,"析,月,流,望,凝"
张保胤,2,"时,当,今,如,忆"
李章,2,"春,芳,步,共,宛"
苏瑰,2,"清,飞,重,当,绿"
张松龄,2,"风,乐,湖,还,须"
崔何,2,"清,溶,片,伫,川"
陆羽,2,"羡,入,西,金,年"
李沛,2,"水,天,长,有,朝"
张文规,2,"吴,兴,蘋,进,会"
郑概,2,"江,南,逶,迤,朱"
裴延,2,"徒,人,未,聚,蝶"
李怀远,2,"庭,高,楼,凤,禽"
王纬,2,"石,从,戎,五,残"
许稷,2,"知,年,月,成,众"
范灯,2,"月,忆,汗,砧,杵"
郭遵,2,"逾,天,熙,日,习"
张贾,2,"起,阁,萧,下,知"
苗发,2,"门,承,秋,归,家"
樊珣,2,"时,忆,下,河,四"
李栖筠,2,"人,深,灵,还,十"
黎逢,2,"御,风,日,飞,气"
丘光庭,2,"我,汝,茅,鸱,彼"
张濯,2,"寥,圣,云,应,疑"
宋雍,2,"雨,风,绿,晚,花"
石召,2,"人,相,夜,有,栖"
阎德隐,2,"王,城,天,神,楚"
李茂复,2,"近,眼,行,销,日"
卢储,2,"昔,数,楼,芍,药"
陈通方,2,"习,春,风,台,悠"
唐怡,2,"轮,思,事,皆,零"
徐浩,2,"海,清,山,兹,在"
薛令之,2,"朝,团,盘,有,灯"
席夔,2,"时,青,怜,节,枝"
于逖,2,"我,弟,人,兄,各"
张随,2,"苑,将,日,下,风"
何兆,2,"兄,弟,洛,有,龟"
郭澹,2,"青,阴,从,望,兴"
魏元忠,2,"寿,南,殿,气,下"
赵抟,2,"人,在,声,重,知"
李幼卿,2,"山,心,外,雾,迥"
韦鹏翼,2,"却,岂,从,月,卧"
郑审,2,"华,影,行,心,使"
苏源明,2,"予,方,明,落,增"
朱子真,2,"人,天,前,生,在"
颜粲,2,"将,成,鸣,香,悲"
张正元,2,"沈,思,在,宁,客"
唐暄,2,"阳,悲,室,妆,空"
苏涣,2,"大,如,日,相,人"
王良士,2,"高,仙,芳,金,丽"
穆寂,2,"将,起,习,微,候"
张起,2,"寒,雪,度,君,歌"
罗让,2,"郁,分,梢,律,文"
安凤,2,"离,年,泪,别,处"
员南溟,2,"郁,风,至,烟,云"
殷寅,2,"山,兹,复,拜,济"
韦建,2,"天,清,舟,杳,濛"
萧祜,2,"我,山,有,人,灵"
王播,2,"年,今,行,见,花"
李敬伯,2,"台,思,诗,望,文"
刘蕃,2,"白,忆,栗,貂,裘"
刘长川,2,"然,剑,鬼,伏,事"
温会,2,"台,云,回,梁,飞"
姚向,2,"风,江,秦,层,象"
武少仪,2,"吞,少,如,振,吴"
贺朝清,2,"湖,如,山,尽,见"
许康佐,2,"日,沈,空,辉,英"
石殷士,2,"随,日,望,云,曙"
张嗣初,2,"光,英,亭,日,金"
吴象之,2,"帘,声,常,更,吹"
郑蕡,2,"追,出,长,处,山"
柴宿,2,"分,山,朝,光,见"
崔枢,2,"回,宁,殊,辩,除"
袁傪,2,"寂,新,有,古,知"
裴略,2,"肃,竹,步,下,八"
令狐峘,2,"东,颂,云,清,入"
彭伉,2,"化,祥,君,异,云"
周存,2,"千,同,青,流,影"
卫象,2,"夜,成,才,新,茂"
李愿,2,"女,人,巾,芳,香"
张少博,2,"雪,阙,夜,五,杳"
张佐,2,"当,花,拂,人,龙"
吕敞,2,"人,俗,新,今,花"
钱众仲,2,"贞,色,节,初,月"
牛殳,2,"人,山,飘,声,金"
李贤,2,"摘,瓜,离,使,种"
李敬玄,2,"念,林,里,千,别"
谢邈,2,"云,犹,师,心,归"
李宣远,2,"日,烽,泪,牛,羊"
李宏皋,2,"溪,五,平,地,山"
严巨川,2,"车,将,太,行,风"
唐备,2,"青,风,天,树,波"
杨思玄,2,"文,分,疏,章,宸"
王武陵,2,"秋,山,寺,苍,清"
李叔卿,2,"江,春,家,歌,香"
张建封,2,"我,岸,两,人,声"
陈昌言,2,"明,滔,离,郁,清"
冯宿,2,"新,和,静,春,共"
张立,2,"城,花,今,锦,日"
崔膺,2,"门,势,云,交,垄"
元凛,2,"空,事,玩,色,嘉"
王珪,2,"王,项,汉,秦,凶"
王延彬,2,"后,今,人,两,谢"
韦检,2,"漫,宝,颓,白,浪"
韦迢,2,"江,相,客,凉,湘"
徐振,2,"城,应,扰,九,雷"
卢群玉,2,"清,酒,平,力,任"
郑丹,2,"日,万,戴,律,诸"
滕潜,2,"金,枝,秋,蓬,山"
颜仁郁,2,"松,绕,间,高,阴"
阎济美,2,"偏,新,更,謇,唯"
王炎,2,"地,心,邪,吴,连"
卢拱,2,"风,秋,章,香,缈"
崔玄亮,2,"耿,归,今,我,时"
姚伦,2,"疏,日,试,居,读"
陈翥,2,"多,星,秋,雪,门"
杨达,2,"山,还,秋,弦,烽"
张仲方,2,"仙,岁,翁,清,桃"
严含质,2,"下,子,千,甲,斑"
王衍,2,"边,走,那,柳,足"
李士元,2,"人,楼,重,目,悔"
周渭,2,"灼,风,几,混,格"
周元范,2,"离,看,绿,树,烧"
郑缙,2,"漂,皎,欲,未,风"
卢注,2,"酒,胡,亦,眼,有"
张叔卿,2,"今,尽,下,湘,岸"
张安石,2,"别,离,绮,行,前"
徐光溥,2,"山,秋,向,花,定"
胡幽贞,2,"朝,容,色,连,四"
太原妓,1,"半,郎,从,旧,金"
湘驿女子,1,"红,叶,如,杳,雨"
京兆女子,1,"寂,回,春,泪,珠"
沈徽,1,"下,夭,落,荣,蔓"
豆卢回,1,"陵,天,道,朝,兔"
张南容,1,"静,夭,人,邻,游"
苑,1,"神,至,承,辞,合"
刘采春,1,"年,日,今,船,人"
萧静,1,"柳,情,水,江,随"
唐尧臣,1,"天,山,郁,茫,江"
张侹,1,"春,酷,倚,分,梦"
吕价,1,"光,日,至,逢,胎"
裴羽仙,1,"塞,平,日,归,战"
严续姬,1,"摇,风,蓬,舞,旧"
谁氏女,1,"良,人,同,昔,归"
海顺,1,"我,欲,朝,身,恐"
蔡文恭,1,"壑,首,怀,睿,思"
陈凝,1,"未,明,殊,款,段"
贾宗,1,"途,征,县,心,期"
伊梦昌,1,"好,凄,家,霓,正"
方泽,1,"江,尽,却,忘,花"
张轸,1,"夜,稍,扬,子,岸"
康翊仁,1,"纤,札,击,七,襄"
陈中师,1,"在,出,善,缜,密"
邓陟,1,"至,比,波,里,月"
郑严,1,"白,倾,列,深,功"
柳曾,1,"险,尔,我,竿,君"
郑德玄,1,"长,亭,荆,台,暗"
若耶溪女子,1,"良,人,昔,谢,归"
吴英秀,1,"个,莫,然,几,愁"
魏奉古,1,"有,多,拾,经,惭"
林琨,1,"清,落,川,尽,关"
管雄甫,1,"转,戛,烟,乐,和"
武昌妓,1,"悲,莫,面,扑,花"
宋若华,1,"十,二,汉,入,歈"
舞柘枝女,1,"湘,谁,文,嫁,旧"
张敬徽,1,"游,女,疑,钗,落"
蔡昆,1,"几,到,帝,傲,生"
颜胄,1,"岂,我,行,凉,精"
柳明献,1,"宝,台,卢,契,忻"
罗泰,1,"媚,擅,龙,颔,荧"
史俊,1,"时,作,亭,生,巴"
崔紫云,1,"从,见,门,出,断"
邢象玉,1,"新,酒,有,声,家"
金地藏,1,"金,竹,下,空,弄"
魏峦,1,"迤,侧,鸟,飞,视"
顾甄远,1,"愁,风,情,有,恨"
李归唐,1,"月,惜,知,处,花"
王玄,1,"拂,古,君,声,正"
令狐挺,1,"谁,应,逝,作,川"
盛小丛,1,"雁,山,马,逢,征"
李季华,1,"季,子,祠,冷,藻"
徐玄之,1,"莲,红,采,长,如"
卫叶,1,"声,客,月,暗,蓬"
郭汭,1,"辇,俗,射,雁,处"
王继鹏,1,"春,人,御,落,风"
林珝,1,"分,长,里,宜,城"
莲花妓,1,"莲,花,阳,下,女"
宜芬公主,1,"出,嫁,容,颜,尽"
权彻,1,"苏,曷,吴,钩,雪"
朱晦,1,"时,处,荒,河,扬"
刘友贤,1,"步,春,斜,新,流"
林璠,1,"整,孤,圆,潭,密"
景池,1,"草,露,明,禽,眠"
乔侃,1,"仆,嚣,秦,暂,升"
张鸿,1,"知,忌,鼓,通,齿"
郑师贞,1,"禁,叶,盈,数,积"
郭求,1,"旭,地,恩,渥,厚"
王约,1,"霭,沈,光,氛,丽"
杨逵,1,"众,琴,唯,供,酒"
襄阳妓,1,"弄,限,王,怨,草"
冯渚,1,"尔,屋,泥,燕,家"
张垍,1,"郡,闻,迎,宾,下"
楚儿,1,"应,前,人,传,铁"
唐尧客,1,"子,有,客,大,煌"
颜令宾,1,"气,馀,五,喘,花"
魏兼恕,1,"河,色,城,外,云"
夏侯子云,1,"绿,移,云,白,断"
王易从,1,"空,汉,春,幌,风"
寇埴,1,"舍,深,轩,密,逶"
朱延,1,"客,山,近,浊,河"
梁陟,1,"日,清,盛,畿,近"
崔素娥,1,"妾,君,依,遇,雨"
潘雍,1,"住,曾,短,却,阮"
方愚,1,"星,溟,卷,尼,宣"
杨敬述,1,"山,林,泉,俱,合"
熊曜,1,"行,婉,臣,贤,苦"
平康妓,1,"银,郎,枝,桂,惹"
卫光一,1,"千,太,山,有,莲"
王苏苏,1,"乱,怪,谁,赶,热"
辛学士,1,"托,风,云,入,共"
崔藩,1,"至,宝,惊,月,落"
李景俭,1,"吕,花,满,李,景"
郑昉,1,"云,如,诸,反,相"
唐末朝士,1,"牡,丹,曾,变,喜"
袁求贤,1,"今,悠,仙,欲,署"
白衫举子,1,"执,饶,化,弄,时"
懿宗朝举子,1,"声,武,金,悠,致"
元和举子,1,"似,天,元,日,白"
孟匡明,1,"山,师,速,茅,影"
贞元文士,1,"昔,日,冢,妃,杨"
洪州将军,1,"苍,滨,醒,独,元"
僖宗北省官,1,"江,涉,锦,作,添"
李子昂,1,"戎,悬,降,郅,拟"
薛少殷,1,"波,曾,叟,生,古"
张元正,1,"有,在,沈,愁,非"
天宝时人,1,"圣,如,九,复,舆"
赵铎,1,"圣,唯,形,献,寮"
孟翱,1,"将,际,令,子,察"
安守范,1,"见,人,花,诗,山"
景龙文馆士,1,"凭,雪,瑶,即,岫"
乔氏,1,"漏,风,声,罢,绳"
杨容华,1,"啼,向,似,临,池"
叶元良,1,"多,长,皆,堕,泪"
裴大章,1,"邢,况,开,泉,井"
宋若昭,1,"衣,垂,礼,光,炽"
裴淑,1,"侯,想,古,木,朱"
崔宗,1,"发,明,涣,微,景"
郑馥,1,"地,鸾,心,同,亦"
王氏,1,"山,事,潘,满,月"
李伯鱼,1,"桐,竹,凤,北,南"
杨重玄,1,"岁,问,时,几,阁"
郭绍兰,1,"我,殷,薄,寄,翼"
朱使欣,1,"江,猿,归,路,秦"
林氏,1,"在,他,泪,海,剧"
七岁女子,1,"别,飞,行,作,雁"
吴叔达,1,"相,圣,辱,己,忠"
神龙从臣,1,"源,从,复,游,仙"
徐元鼎,1,"舞,日,增,顾,眄"
李勋,1,"清,依,还,浮,明"
织锦人,1,"学,莫,杀,笑,章"
郑述诚,1,"晓,和,沾,紫,陌"
宋迪,1,"凤,长,偏,占,暮"
崔公佐客,1,"破,朝,揭,笑,蛾"
万俟造,1,"离,苒,暖,蝶,渚"
同谷子,1,"邦,事,明,解,子"
婺州山中人,1,"静,世,路,前,田"
黄山隐,1,"有,积,绛,出,崆"
太上隐者,1,"偶,松,树,下,高"
西鄙人,1,"北,至,临,过,敢"
刘幽求,1,"心,明,时,尽,君"
梁补阙,1,"供,奉,好,换,吟"
章玄同,1,"黄,叶,风,下,甘"
郑中丞,1,"汾,桂,客,南,将"
郑衮,1,"养,经,人,时,向"
郑仆射,1,"青,夜,声,作,空"
江陵士子,1,"幂,下,阴,杯,依"
吏部选人,1,"羡,正,试,兼,胜"
京兆韦氏子,1,"惆,教,少,李,逢"
建业卜者,1,"昨,日,更,间,人"
缪氏子,1,"初,月,满,照,圆"
曹生,1,"拜,思,夜,泣,门"
吕炅,1,"礼,随,流,簨,簴"
刘公兴,1,"亭,霭,画,外,辟"
王卓,1,"肃,巍,仗,逐,动"
吴公,1,"年,国,株,数,对"
石倚,1,"森,肃,干,千,律"
宋若宪,1,"命,济,锵,端,敌"
李胄,1,"更,阴,列,磬,静"
袁恕己,1,"客,绮,人,弹,琴"
终南山翁,1,"霜,集,峰,花,莲"
华山老人,1,"泠,茫,涧,人,山"
衡州舟子,1,"野,堪,山,家,断"
骊山游人,1,"翠,微,重,株,倒"
天峤游人,1,"鹤,老,殡,有,间"
沈鹏,1,"叶,心,饮,露,静"
顾伟,1,"寒,历,寥,怀,静"
魏氏,1,"朝,新,巾,义,好"
夏侯楚,1,"褭,悠,常,虹,初"
郭邕,1,"功,德,错,氲,瑞"
张钦敬,1,"九,浮,今,心,傍"
叔孙玄观,1,"清,休,翔,阁,凤"
富嘉谟,1,"冰,月,始,千,明"
闾丘均,1,"高,洲,合,峰,隐"
南巨川,1,"抱,记,宴,赏,入"
刘知几,1,"军,妙,营,长,杨"
丁居晦,1,"时,卞,辨,节,德"
红绡妓,1,"深,云,凤,愁,箫"
程洛宾,1,"鱼,雁,恨,怨,生"
辛宏,1,"锵,皎,片,全,垂"
丘悦,1,"命,孝,视,承,人"
薛媛,1,"欲,恐,将,易,愁"
陈玉兰,1,"妾,到,边,行,戍"
崔氏,1,"郎,卢,怨,年,身"
胡权,1,"渺,定,迷,沧,海"
成崿,1,"高,时,弘,孝,理"
卢征,1,"应,异,常,风,深"
朱延龄,1,"雨,万,形,后,翠"
李主簿姬,1,"时,盟,芳,到,笑"
陈祜,1,"微,稍,香,媚,野"
吴秘,1,"草,对,凝,烟,彩"
葛氏女,1,"天,山,九,春,照"
刘氏妇,1,"月,西,前,秋,堂"
刘元载妻,1,"枝,南,阑,倚,取"
长孙佐转妻,1,"心,同,书,字,结"
张复元,1,"纤,好,便,嫩,垂"
赵虚舟,1,"砌,下,凰,凤,有"
王景中,1,"依,繁,散,定,离"
薛琼,1,"黄,鸟,楼,锁,雾"
刘淑柔,1,"悠,渺,秋,兰,棹"
邓倚,1,"摇,变,随,马,出"
汤洙,1,"行,步,谢,弥,路"
殷琮,1,"澄,山,碧,岚,曲"
杨德麟,1,"日,月,凰,凤,挂"
裴元,1,"律,南,叶,翻,霜"
杜周士,1,"推,闰,定,变,律"
杜之松,1,"汉,将,拂,远,雁"
梁知微,1,"华,早,清,气,晚"
戴察,1,"萧,润,秋,晚,声"
孙顾,1,"九,皪,幽,兴,芊"
僖宗宫人,1,"锁,玉,烛,终,心"
宣宗宫人,1,"流,水,人,到,好"
德宗宫人,1,"入,深,宫,里,由"
陈璀,1,"向,春,临,朱,萼"
开元宫人,1,"生,沙,著,多,添"
裴杞,1,"澹,荡,明,曲,渚"
张公乂,1,"今,台,莺,欲,语"
张何,1,"季,阁,依,花,定"
武后宫人,1,"别,难,行,客,归"
濮阳瓘,1,"落,力,随,狡,兔"
王若岩,1,"遥,朝,素,后,路"
徐仁嗣,1,"至,远,矜,逸,态"
张立本女,1,"危,冠,如,月,曲"
朱华,1,"皎,将,娥,药,乌"
刘,1,"礼,依,暗,终,辞"
金真德,1,"大,巍,维,赫,皇"
乐伸,1,"氏,永,圣,杓,重"
徐至,1,"积,数,阴,宁,越"
阴行先,1,"重,今,叶,下,岸"
周仲美,1,"爱,弃,人,断,从"
蒋氏,1,"平,餐,度,光,时"
王熊,1,"月,山,忽,长,交"
李玉箫,1,"鸳,鸯,流,打,下"
陶拱,1,"辉,泫,秋,霞,乍"
任氏,1,"心,字,书,相,下"
纥干讽,1,"律,禁,佳,气,换"
朱休,1,"芳,海,追,飞,尽"
薛瑶,1,"思,化,瑶,青,奈"
慎氏,1,"当,时,望,重,堪"
侯氏,1,"先,暌,叠,垂,泪"
崔公远,1,"晴,秦,灯,挑,泪"
窦蒙,1,"受,作,通,小,雅"
道恭,1,"离,福,氲,掩,映"
徐珩,1,"导,源,秦,卒,毙"
郫城令,1,"深,头,彭,觅,便"
黎瓘,1,"惯,向,饮,看,朝"
柳逢,1,"紫,竹,柴,十,负"
李日新,1,"悠,商,台,光,紫"
姚嵘,1,"近,相,拨,即,妆"
崔立言,1,"镜,浙,山,留,江"
徐彦若,1,"南,海,黄,茅,瘴"
孙子多,1,"经,武,婆,好,今"
郑光业,1,"试,春,新,糊,案"
朱泽,1,"春,问,王,拟,素"
严震,1,"表,兄,严,釜,到"
孔颙,1,"书,有,近,许,街"
贺遂涉,1,"员,外,山,土,作"
高亭,1,"元,官,吏,务,剥"
曾崇范妻,1,"田,头,有,鹿,迹"
胥偃,1,"昔,作,树,头,花"
任玠,1,"故,国,路,遥,归"
周延翰,1,"紫,髯,伴,有,丹"
孙长史女,1,"游,君,留,时,心"
张生,1,"薰,荡,芊,熙,教"
卢绛,1,"月,玉,山,攒,芭"
李令,1,"有,报,州,朗,取"
太守,1,"到,桃,源,未,时"
刘炎,1,"早,知,太,守,如"
杨苎萝,1,"吃,肚,众,杀,待"
商则,1,"令,丞,俱,动,手"
蔡押衙,1,"怜,洞,庭,湖,恰"
包贺,1,"子,船,水,雾,苦"
苏芸,1,"郭,里,多,榕,树"
梁宝,1,"赵,德,神,梁,宝"
窦昉,1,"岁,虚,言,能,睡"
裴玄智,1,"将,头,免,能,汉"
选人,1,"刺,鼻,曾,嚏,蹋"
省吏,1,"崔,髆,有,别,前"
冯晖,1,"办,休,说,看,瓮"
李渊,1,"名,长,吾,义,信"
李花开,1,"破,落,间,屋,萧"
冯道幕客,1,"槐,影,惶,惭,我"
荆人,1,"灵,狱,头,排,厌"
李都,1,"教,华,孙,堪,爱"
陆岩梦,1,"却,道,死,居,掌"
梁载言,1,"空,闻,肥,帟,幕"
石抱忠,1,"平,明,鸭,鹅,棂"
李荣,1,"善,兴,道,曾,言"
释元康,1,"甘,桃,讲,儿,孙"
国邵南,1,"莫,真,多,几,知"
郭仁表,1,"飘,道,行,能,兹"
刘景复,1,"汉,声,弦,西,未"
商山客死生,1,"家,里,寒,萧,山"
长须国驸马,1,"惣,花,叶,妍,女"
无名鬼,1,"人,江,竿,樯,山"
无名女鬼,1,"月,夜,申,庚,别"
崔常侍,1,"复,山,班,闲,殷"
张仁宝,1,"家,半,寒,今,锦"
峡中白衣,1,"凤,凰,截,更,类"
任彦思家鬼,1,"物,类,日,别,相"
崇圣寺鬼,1,"禁,策,暂,寻,原"
冢中人,1,"冢,人,袅,下,知"
临淄县主,1,"主,县,穆,今,昔"
李微,1,"成,相,偶,豪,物"
薛克构,1,"龙,文,曙,分,星"
孔氏,1,"处,人,有,忿,亦"
夷陵女郎,1,"欢,君,王,风,杨"
朱均,1,"依,烈,人,良,伫"
湘中女子,1,"红,树,如,杳,雨"
陈宫妃嫔,1,"阁,绮,江,秋,笺"
沙碛女子,1,"云,鬟,南,雁,逐"
萧旷,1,"红,珮,云,碧,恨"
织绡女,1,"织,绡,真,滴,泪"
原陵老翁,1,"吾,哳,狐,书,在"
铁铫,1,"炎,昔,柄,第,下"
卢献卿,1,"卜,疏,归,独,寞"
柳藏经,1,"寒,谓,贵,余,观"
石季武,1,"耸,辔,烟,入,举"
邢凤,1,"春,阳,长,弯,秋"
李豫,1,"峨,胡,呼,五,德"
萧楚材,1,"拂,兽,震,河,庭"
病狂人,1,"人,踏,春,间,阳"
张氏女,1,"鬟,手,如,月,曲"
张生妻,1,"人,歌,年,少,切"
白氏,1,"夕,耶,今,存,没"
漳郡守,1,"山,药,登,更,意"
少年,1,"神,女,多,慰,足"
破笛,1,"当,今,龙,学,犹"
秃帚,1,"头,焦,朱,扫,日"
刘氏亡妇,1,"前,人,堂,明,风"
魏朋妻,1,"望,乡,哀,孤,台"
金车美人,1,"空,花,啼,别,离"
宫嫔,1,"人,身,春,争,花"
苏检,1,"还,想,凋,树,千"
苏检妻,1,"楚,飞,知,地,多"
韦检亡姬,1,"濛,家,春,断,有"
安邑坊女,1,"卜,陵,兰,木,断"
罗颖,1,"项,羽,英,雄,犹"
陈峤,1,"彭,祖,尚,闻,年"
石惠泰,1,"御,史,到,还,职"
宇文鼎,1,"致,清,川,广,难"
钟辐,1,"烟,醺,倚,桃,轻"
李贞,1,"凤,蒸,沼,浮,林"
郑符,1,"闲,好,尽,日,松"
崔怀宝,1,"愿,平,子,死,便"
康骈,1,"晴,川,江,魂,断"
窦弘馀,1,"弯,恨,山,万,心"
张大安,1,"盛,京,开,芳,甸"
裴谈,1,"回,边,李,过,里"
郭密之,1,"幂,心,石,层,绵"
崔耿,1,"高,江,壮,诉,孰"
郑义真,1,"洛,迥,出,树,端"
孟翔,1,"空,悠,讨,几,神"
戴公怀,1,"光,永,群,沥,头"
李缜,1,"晶,古,云,飕,高"
路应,1,"奇,绝,翠,云,松"
公孙杲,1,"驾,鹤,低,梁,下"
林披,1,"高,秋,庭,能,怀"
郑露,1,"延,绵,雨,春,空"
张绍,1,"神,圣,天,惟,下"
马乂,1,"鸟,酋,朋,里,喜"
李元嘉,1,"汉,岭,储,乡,云"
王德真,1,"握,溢,藻,龙,川"
任要,1,"洞,归,见,山,髓"
斐公衍,1,"境,青,外,物,清"
庄翱,1,"关,庭,鸟,处,深"
崔致远,1,"芙,蓉,酒,过,任"
陈闰,1,"归,江,开,客,舍"
高鹤林,1,"名,真,方,塔,尘"
胡伯崇,1,"说,四,狂,最,圣"
马总,1,"万,里,非,衒,才"
元兢,1,"飘,欲,汉,接,石"
路半千,1,"暖,呼,眼,柳,煎"
苏替,1,"弦,槛,光,烛,定"
何元,1,"莫,怪,万,云,如"
欧阳彬,1,"待,颤,月,华,满"
闽后陈氏,1,"湖,淡,悠,东,舟"
杨贵妃,1,"香,袅,罗,下,拂"
林楚翘,1,"人,画,花,笑,拖"
许岷,1,"人,小,轻,撚,生"
刘侍读,1,"惊,深,宿,荷,风"
庾传素,1,"风,木,对,药,争"
裴守真,1,"天,睿,云,瑜,帝"
耿玉真,1,"玉,急,灯,唯,暗"
王丽真女郎,1,"复,山,斑,闲,殷"
韦洪,1,"欲,蛰,感,腾,化"
卢言,1,"象,曰,海,朝,雪"
黄幡绰,1,"文,树,狲,猢,似"
麹崇裕,1,"崇,裕,声,哭,野"
周颛,1,"十,朝,缚,爱,前"
座客,1,"龙,津,猿,向,刀"
杨鸾,1,"白,日,杨,咬,头"
李昼,1,"秋,今,棘,立,时"
张鲁封,1,"杜,乐,渐,日,情"
归氏子,1,"八,闲,未,卒,拳"
李和风,1,"高,唐,襄,楚,杀"
阎敬爱,1,"借,问,入,曾,女"
甘洽,1,"你,尔,应,姓,计"
封抱一,1,"面,作,谈,罔,劳"
杜兼,1,"倩,俸,写,手,校"
吴人,1,"榆,复,造,书,儿"
中宗朝优人,1,"回,边,李,过,里"
杨廷玉,1,"回,阿,枨,人,傍"
陆子,1,"陆,头,事,判,先"
邵景,1,"团,飘,怪,品,五"
韦铿,1,"双,对,间,世,品"
胡元范,1,"天,文,列,奕,神"
史思明,1,"半,樱,桃,子,赤"
张怀庆,1,"生,照,川,洛,取"
李兼,1,"猾,吏,畏,服,县"
郭正一,1,"桂,转,开,瑞,钮"
马令,1,"山,年,天,日,神"
畅甫,1,"珍,荫,簟,光,冷"
尉迟汾,1,"东,雄,松,人,有"
薛光谦,1,"长,观,净,篱,藤"
扈载,1,"幽,处,傍,朝,露"
清豁,1,"聚,散,我,君,如"
许宏,1,"知,踏,破,外,物"
胡传美,1,"仙,宫,金,简,扳"
钱信,1,"安,平,子,江,吾"
吴黔,1,"故,谢,芜,广,风"
吴士矩,1,"夕,前,细,子,公"
李夐,1,"二,仪,徂,委,薄"
皇甫大夫,1,"黄,山,道,胎,云"
张幹,1,"生,怕,京,兆,尹"
宋元素,1,"昔,如,山,关,尽"
赵武建,1,"朝,野,惊,到,命"
僧法轨,1,"荣,李,姓,身,未"
何承裕,1,"晓,犬,吠,张,妇"
张翱,1,"有,张,翱,寓,止"
伶人,1,"焦,湖,百,里,任"
王鲁,1,"汝,虽,打,草,吾"
萧结,1,"秧,开,五,叶,蚕"
甄后,1,"玉,晨,羽,翠,销"
贺遂亮,1,"风,下,霜,云,行"
辨才,1,"初,久,琴,思,风"
密陀僧,1,"黄,帝,金,作,化"
司马退之,1,"冥,名,始,觉,犬"
张氲,1,"营,人,时,俗,又"
司马承祯,1,"人,欲,飕,云,白"
尚能,1,"畜,村,远,烟,波"
荆叔,1,"汉,国,伤,处,色"
释彪,1,"吾,音,曲,辨,谁"
邵大震,1,"九,秋,雁,花,菊"
辛常伯,1,"行,路,千,岁,征"
文鉴,1,"山,洲,瀛,使,堪"
若水,1,"石,香,客,偷,煎"
沧浩,1,"未,山,坐,客,经"
常雅,1,"苍,漠,古,知,江"
李夔,1,"相,阮,后,交,臂"
玄宝,1,"营,茫,秦,通,蜀"
尚志,1,"到,吟,翻,睡,愁"
智远,1,"长,有,滤,喻,南"
隐求,1,"山,当,仙,渡,欲"
昙翼,1,"见,知,有,处,践"
唐末僧,1,"枕,埋,头,架,动"
吴越僧,1,"重,云,事,灵,有"
南唐失名僧,1,"徐,渐,东,海,出"
王勔,1,"序,绮,台,雾,池"
裴翛然,1,"冬,满,遮,如,山"
轩辕弥明,1,"巍,荡,祖,迹,陵"
薛元超,1,"文,储,苍,归,霄"
张果,1,"踪,修,素,翠,筱"
叶法善,1,"仙,云,人,时,登"
孙思邈,1,"内,精,金,两,焰"
裴航,1,"向,傥,青,入,鹤"
侯道华,1,"重,年,珍,炼,师"
栾清,1,"摅,公,饮,酒,复"
赵惠宗,1,"我,神,明,形,懋"
李遐周,1,"燕,市,人,皆,函"
申欢,1,"风,登,吾,非,美"
吴涵虚,1,"向,大,时,世,界"
李升,1,"生,谁,归,皇,玉"
李真,1,"春,生,相,帽,著"
陆禹臣,1,"露,下,龙,虎,灶"
崔涤,1,"渺,韩,孤,日,归"
鱼又玄,1,"枝,相,辞,酒,卧"
彭晓,1,"金,女,男,莫,生"
虞有贤,1,"酒,相,辞,霭,枝"
长孙氏,1,"桃,花,下,舞,蝶"
吴子来,1,"时,松,月,生,酒"
范尧佐,1,"书,别,钩,屈,曲"
无名释,1,"风,火,东,返,香"
水心寺僧,1,"岁,嵯,峨,山,石"
慈恩寺沙门,1,"皇,风,笼,霞,影"
丰干,1,"兀,悠,心,物,生"
李建,1,"丱,褒,慰,我,心"
唐远悊,1,"皇,那,金,榜,骊"
韬光,1,"能,山,碧,云,乍"
王茂时,1,"践,未,岩,镜,闲"
含曦,1,"渴,读,海,知,饥"
徐皓,1,"蔼,花,犹,藏,叶"
庞蕴,1,"生,法,空,心,识"
钱俶,1,"深,廊,冰,第,晚"
李昪,1,"点,分,尽,前,尊"
拾得,1,"人,见,生,出,心"
良乂,1,"风,户,秋,片,数"
高绍,1,"啸,侣,开,新,叶"
海印,1,"色,声,旋,先,到"
理莹,1,"清,岩,荷,悬,崖"
郎馀令,1,"春,兴,竹,叶,管"
宝月,1,"夜,我,度,行,路"
中寤,1,"瞻,成,黄,庭,术"
道会,1,"住,作,死,访,能"
利涉,1,"韦,我,佛,法,故"
僧凤,1,"苦,阐,归,依,弥"
智亮,1,"人,云,顶,齐,作"
常达,1,"祖,庭,心,月,日"
清尚,1,"道,白,时,雪,风"
净显,1,"灵,迹,劳,珍,重"
无作,1,"云,鹤,归,却,命"
田游岩,1,"彼,虹,霓,风,应"
来济,1,"敛,辔,生,念,涕"
马周,1,"太,清,落,江,鸟"
谦光,1,"对,拥,风,朝,露"
文益,1,"木,皎,衲,线,非"
席元明,1,"花,日,惟,雉,明"
元寂,1,"酒,秃,见,荣,辱"
修雅,1,"经,诵,人,今,我"
恒超,1,"虚,树,山,色,怜"
邵升,1,"沁,行,步,辇,空"
怀濬,1,"在,啼,岁,处,红"
大愚,1,"六,近,盘,石,天"
泠然,1,"佛,月,寒,生,碧"
周彦昭,1,"胜,地,千,里,驭"
云表,1,"累,寒,食,哭,年"
李从善,1,"新,前,分,盛,月"
李从谦,1,"有,沧,侵,强,斯"
耽章,1,"摧,残,搜,苦,事"
文秀,1,"渺,节,堪,臣,直"
狄仁杰,1,"宸,晖,洒,液,恒"
成真人,1,"蜀,白,饮,龙,黑"
樊夫人,1,"饮,琼,玉,岖,崎"
窦裕,1,"门,依,痕,泪,襟"
魏求己,1,"下,朝,调,向,高"
刘怀一,1,"光,惟,兰,素,躅"
沈青箱,1,"六,天,琉,璃,水"
郑琼罗,1,"生,痛,相,魂,香"
刘溉,1,"杳,人,茫,冥,君"
尉佗,1,"千,感,明,妇,美"
韩弇,1,"我,有,敌,国,雠"
陆凭,1,"虚,空,吾,复,瞬"
书生,1,"城,里,飞,海,人"
石恪,1,"衡,市,商,客,东"
韩思彦,1,"言,古,柳,同,游"
甘露寺鬼,1,"人,难,水,赵,路"
郑適,1,"啸,吟,风,月,今"
商山三丈夫,1,"秋,如,云,长,葛"
张省躬,1,"戚,茫,复,秋,堂"
萧微,1,"新,风,行,频,事"
河中鬼,1,"溷,河,胡,决,嫂"
襄阳举人,1,"涓,流,村,梨,棠"
李祎,1,"别,烟,乘,洞,幽"
李序,1,"魍,他,王,大,道"
广利王女,1,"愁,春,梦,花,羞"
辅国将军,1,"乌,面,树,枝,条"
冥吏,1,"后,杨,年,前,阳"
九华山白衣,1,"潺,茫,涧,人,山"
客户里女子,1,"乐,广,玉,红,楼"
王丽真,1,"青,莺,处,草,岐"
李助,1,"石,会,夕,满,心"
王氏妇,1,"章,武,氏,王,别"
徐侃,1,"长,安,君,慰,难"
巴陵馆鬼,1,"青,枫,爷,时,堪"
隔窗鬼,1,"斗,人,里,头,石"
长安中鬼,1,"人,九,衢,茫,劳"
田达诚宅鬼,1,"天,然,段,头,南"
赵,1,"我,昔,胜,君,今"
太白山神,1,"珠,并,驴,马,没"
李叔霁,1,"忽,作,期,别,沈"
介胄鬼,1,"屡,废,念,淮,阴"
河湄鬼,1,"我,本,路,行,君"
巴峡鬼,1,"秋,猿,重,数,泪"
释明解,1,"握,霜,野,吹,荒"
慕容垂,1,"我,昔,胜,君,今"
吴兴神女,1,"玉,钗,明,伤,夜"
黄陵美人,1,"郎,落,衣,待,独"
瀵水神,1,"皎,悠,夜,月,明"
水府君,1,"江,风,君,月,浪"
太白山玄士,1,"青,丹,桑,田,变"
贺敱,1,"叶,玄,商,轩,恩"
观梅女仙,1,"枝,南,阑,倚,取"
吴清妻,1,"花,道,精,山,仙"
许圉师,1,"逸,知,天,入,影"
南溟夫人,1,"从,扣,明,分,解"
慈恩院女仙,1,"团,花,晓,皇,映"
郑惟忠,1,"离,花,人,待,艳"
桃花夫人,1,"昔,到,千,几,作"
毛女正美,1,"又,药,却,栗,叶"
王氏女,1,"玩,心,鹤,双,边"
吴彩鸾,1,"能,相,霜,雪,怕"
青童,1,"飘,独,云,白,邀"
崔少玄,1,"真,匪,虚,体,性"
萧翼,1,"邂,谁,还,泛,心"
谭峭,1,"作,线,杖,拄,生"
李福业,1,"冬,更,年,两,鬓"
蓝采和,1,"踏,歌,纷,混,人"
徐钓者,1,"海,曾,潮,却,清"
李浩,1,"金,鼎,神,传,白"
赵自然,1,"常,欲,云,跨,舞"
段穀,1,"间,茅,永,翁,人"
薛昚惑,1,"禁,园,兰,蕙,草"
张云容,1,"春,枝,幽,夜,寒"
戚逍遥,1,"笑,真,间,世,重"
太乙真君,1,"必,羡,君,逐,斗"
隐者,1,"相,续,死,长,路"
青城丈人,1,"沈,峨,客,云,五"
许大,1,"从,藏,安,要,酒"
樵夫,1,"清,秋,永,白,期"
成都醉道士,1,"知,心,只,君,水"
萼岭书生,1,"邂,拟,有,未,人"
章江书生,1,"长,西,杜,哭,花"
蜀酒阁道人,1,"尾,闾,下,关,堂"
黄冠野夫,1,"早,生,寄,冬,青"
广陵道士,1,"事,到,扬,州,相"
希道,1,"木,魂,金,魄,千"
许天正,1,"群,从,首,野,四"
嵩岳诸仙,1,"玉,花,朝,早,仙"
春台仙,1,"清,碧,天,玉,光"
清远道士,1,"山,川,幽,松,共"
妙女,1,"手,攀,桥,柱,立"
杨损,1,"圣,主,五,泛,舟"
龙护老人,1,"盘,龙,吐,圣,献"
洞庭龙君,1,"人,当,大,时,令"
曲龙山仙,1,"桥,玉,花,游,天"
邻道场人,1,"绵,寻,炼,长,亦"
法轮,1,"紫,犹,百,源,平"
武翊黄,1,"抱,包,透,石,未"
吴大江,1,"沙,风,弄,寒,月"
纪元皋,1,"春,渐,流,澌,退"
魏璀,1,"瑶,瑟,寒,水,碧"
刘轲,1,"玉,声,终,异,听"
王,1,"素,怀,又,相,见"
廖有方,1,"君,嗟,家,处,知"
窦冀,1,"如,绝,狂,同,枯"
卢宗回,1,"东,里,宫,阙,参"
鲁收,1,"声,尽,墨,时,观"
潘存实,1,"泠,杳,表,瑟,音"
皇甫曙,1,"家,朝,娑,塞,岸"
王季则,1,"北,浮,非,乐,藻"
张氏琰,1,"空,啧,苔,青,沉"
刘元淑,1,"阳,夜,空,燕,家"
程弥纶,1,"闲,难,游,天,孙"
独孤铉,1,"玉,照,周,户,耀"
吴晃,1,"春,薄,还,避,饵"
王质,1,"寂,终,蕊,风,惊"
郭周藩,1,"年,余,澄,水,十"
陶雍,1,"相,和,台,冠,拂"
陈彦博,1,"日,阿,十,露,新"
贾谟,1,"皪,舒,披,千,叶"
滕倪,1,"秋,误,文,字,身"
薛耀,1,"朔,草,长,安,人"
萧建,1,"见,说,图,诗,请"
刘虚白,1,"般,二,能,至,待"
黄麟,1,"啾,虫,起,时,隐"
李甘,1,"原,故,山,在,业"
窦洵直,1,"晚,难,盈,疑,雪"
赵存约,1,"春,凋,玉,砌,绛"
孔温业,1,"处,家,馀,美,初"
崔郾,1,"存,功,合,行,人"
韦瓘,1,"半,年,切,才,常"
刘三复,1,"拟,到,铜,墨,贵"
李虞,1,"逢,暗,先,哭,泪"
杨贲,1,"贵,扰,登,彤,紫"
梁铉,1,"里,帝,九,扇,帐"
李清,1,"谋,金,当,舞,歌"
刘鲁风,1,"万,生,翁,肯,毛"
崔郊,1,"公,巾,路,郎,萧"
吕群,1,"路,蒂,辞,巢,燕"
程氏长文,1,"歌,舞,当,人,寂"
庄若讷,1,"帝,测,扣,徵,雅"
张胜之,1,"片,云,拂,树,疑"
张复,1,"山,空,似,翼,映"
范传质,1,"肃,方,兢,大,将"
高铢,1,"高,斗,机,必,到"
卢钧,1,"棱,皎,荐,俎,寒"
严公贶,1,"凤,纡,今,寂,寞"
独孤申叔,1,"残,精,雁,漏,凄"
浩虚舟,1,"沐,提,气,在,拂"
朱斌,1,"白,日,重,更,目"
郑立之,1,"才,川,空,月,台"
殷尧恭,1,"玄,洞,长,发,珠"
李秘,1,"取,子,莫,千,春"
杨厚,1,"星,清,兰,光,暗"
梁德裕,1,"人,君,叶,隐,生"
常非月,1,"举,语,要,齐,声"
薛,1,"天,门,片,山,巫"
张良璞,1,"享,盈,鬼,亡,久"
孙欣,1,"仙,闱,向,影,落"
张顶,1,"却,抛,临,钓,下"
王羡门,1,"君,寂,苑,出,山"
张俨,1,"雄,风,荒,客,情"
何元上,1,"星,庾,鸾,幸,薄"
段弘古,1,"城,芳,题,欲,思"
张瀛,1,"我,空,听,师,法"
令狐德棻,1,"高,烟,林,兰,霜"
严公弼,1,"西,见,滞,事,名"
先汪,1,"碧,翠,光,镜,在"
杨虞卿,1,"在,掌,四,弦,品"
李溟,1,"乔,岐,名,利,迹"
崔公信,1,"叠,清,人,静,夤"
朱逵,1,"如,转,相,死,历"
李虞仲,1,"云,旭,近,晨,景"
许瑶,1,"书,在,却,后,醒"
马植,1,"在,舜,戍,四,帅"
卢弼,1,"莫,君,凭,赋,心"
李季兰,1,"流,弹,时,似,里"
荆冬倩,1,"路,未,君,王,史"
卢景亮,1,"洪,疏,警,离,人"
徐希仁,1,"清,吟,气,宿,我"
梁洽,1,"汤,昭,咏,游,女"
韦表微,1,"麟,嗟,吁,圣,时"
李宗闵,1,"知,仙,推,甲,子"
何儒亮,1,"嬴,德,切,泥,功"
汪万於,1,"杖,策,豺,狼,窟"
孙革,1,"松,下,问,童,子"
王仲舒,1,"百,惟,几,第,峰"
郑绍,1,"悠,溪,今,烟,火"
贺兰朋吉,1,"荒,居,送,急,萤"
景审,1,"金,请,爱,年,当"
杨洵美,1,"峨,如,山,枕,悲"
罗立言,1,"谁,砾,朝,虹,满"
蒯希逸,1,"振,谁,雷,宜,变"
李景让,1,"非,关,回,入,庙"
闾丘晓,1,"舟,南,沧,海,畔"
赵牧,1,"君,云,饮,白,须"
庾光先,1,"山,百,稀,讶,经"
张良器,1,"常,引,旁,泰,道"
朱可名,1,"废,刈,金,手,徒"
卢嗣立,1,"九,华,观,风,雪"
易重,1,"六,艺,再,考,称"
刘氏媛,1,"雨,行,恩,君,学"
崔轩,1,"朝,共,翰,苑,年"
长孙翱,1,"道,谁,咽,前,宫"
樊骧,1,"发,满,荣,太,华"
裴翻,1,"常,云,幸,接,鸳"
刘耕,1,"感,孔,空,前,辈"
孟球,1,"当,谁,茂,夸,新"
高退之,1,"昔,年,鹭,朝,天"
唐思言,1,"儒,时,当,陪,杞"
孟守,1,"科,池,共,喜,新"
李潜,1,"文,学,资,金,色"
石贯,1,"重,德,衿,同,日"
郑颢,1,"青,白,日,笔,灾"
刘洎,1,"平,晚,方,落,兰"
刘皋,1,"营,寂,君,将,阶"
李质,1,"曾,江,愁,撑,月"
李邺,1,"长,分,诗,情,在"
薛蒙,1,"左,犹,郡,系,滞"
田章,1,"朝,志,舟,难,辨"
李汶儒,1,"珍,重,涪,川,阔"
李续,1,"早,虚,多,失,路"
李朋,1,"巴,移,名,郡,兴"
柳珪,1,"青,想,夜,叫,湘"
郭夔,1,"有,家,图,画,倚"
李节,1,"湘,释,川,飞,滔"
封彦卿,1,"莲,君,住,伤,偏"
沈叔安,1,"皎,耿,复,喜,初"
卢顺之,1,"筵,渡,好,云,郊"
萧缜,1,"政,绩,辙,卧,歌"
李明远,1,"北,定,秋,暮,猿"
崔元范,1,"羊,公,馀,响,木"
魏谟,1,"四,寒,色,霁,山"
令狐绹,1,"楼,京,望,夷,门"
李讷,1,"国,绣,曾,丛,盛"
南卓,1,"翱,从,炉,御,带"
丘上卿,1,"常,著,贤,贵,门"
张道符,1,"暗,开,更,朱,轮"
杨志坚,1,"山,今,平,画,意"
李肱,1,"开,久,罢,水,殿"
孟彦深,1,"山,雪,江,渡,著"
崔元略,1,"莫,旌,对,黄,昏"
乔琳,1,"蜀,曲,涪,州,水"
柳浑,1,"近,朝,校,葵,戎"
尹璞,1,"霄,平,地,烟,稳"
封行高,1,"引,水,曲,池,冰"
郭向,1,"年,洛,归,弄,鸟"
陈昭,1,"远,跨,交,拥,塞"
许玫,1,"宝,轮,车,马,垂"
庾敬休,1,"清,疑,明,六,出"
王彦威,1,"国,天,寄,红,旆"
钟辂,1,"月,满,鸾,惊,欲"
李章武,1,"青,宗,柏,松,山"
刘郇伯,1,"月,钟,青,下,蝉"
房千里,1,"鸾,幽,远,莫,教"
柴夔,1,"连,九,梯,池,水"
王乔,1,"故,馀,舞,歌,生"
杜俨,1,"时,岁,书,容,里"
卢求,1,"高,秋,如,送,日"
冯涯,1,"圣,广,乾,坤,期"
张抃,1,"悠,泊,渐,摇,青"
郭圆,1,"宣,父,贵,皋,韦"
许瀍,1,"下,晚,尘,月,空"
薛宜僚,1,"年,阿,母,桃,花"
郑薰,1,"分,行,直,万,住"
路贯,1,"谢,安,立,马,罗"
李彦暐,1,"采,踯,金,岂,赠"
刘庄物,1,"关,调,幸,近,知"
张鹭,1,"弱,屈,鸾,方,慕"
邢群,1,"处,青,城,免,云"
钱可复,1,"玉,切,翻,翰,疾"
王枢,1,"花,开,事,落,春"
彭蟾,1,"六,更,戟,门,增"
殷潜之,1,"欲,谁,开,英,扶"
严恽,1,"花,冉,谁,春,尽"
曹汾,1,"嵯,袅,戴,疑,人"
李损之,1,"春,殊,毛,萦,树"
李衢,1,"锡,辨,吟,更,古"
裴思谦,1,"银,郎,枝,桂,染"
杨鸿,1,"九,惆,山,向,解"
陈上美,1,"山,赖,槐,堤,莺"
牛丛,1,"蹑,名,凤,待,桐"
张灿,1,"悄,繁,憔,滞,楚"
邬载,1,"云,急,未,青,那"
王严,1,"雉,堞,穿,云,树"
宋华,1,"蝉,鸣,我,子,君"
贾弇,1,"江,蜃,管,作,声"
贾躭,1,"青,书,至,子,素"
赵居贞,1,"福,云,门,大,千"
萧华,1,"生,日,玉,道,粤"
陈元初,1,"七,处,忆,元,归"
李子卿,1,"辉,山,亲,寒,由"
柳郴,1,"离,江,往,辛,长"
于尹躬,1,"纷,郁,微,天,岁"
息夫牧,1,"有,鸣,琴,既,璨"
夏侯审,1,"云,王,袜,见,间"
袁高,1,"未,茫,顾,皆,使"
吉中孚,1,"汉,水,向,官,岁"
崔季卿,1,"八,尽,阳,岳,南"
段怀然,1,"我,有,银,挂,只"
沈回,1,"濯,依,今,逐,摇"
裴逵,1,"圆,丘,资,贤,辅"
裴达,1,"雨,胜,殿,烟,敛"
张季略,1,"春,见,韶,尚,翠"
崔绩,1,"光,帝,驰,道,飘"
杨系,1,"风,胜,清,笛,吟"
沈仲昌,1,"江,南,石,界,苔"
苗晋卿,1,"金,月,礼,蒐,春"
郭郧,1,"事,纷,年,兰,介"
韦同则,1,"风,梅,前,歌,待"
邹象先,1,"云,六,时,青,后"
卢群,1,"祥,江,潜,注,息"
罗珦,1,"前,十,春,官,道"
高崇文,1,"崇,文,纷,武,儿"
独孤良器,1,"沈,皎,时,星,并"
颜师古,1,"肃,济,七,鹓,鹭"
谢勮,1,"云,仙,清,心,人"
薛戎,1,"时,心,仙,成,今"
羊滔,1,"清,尽,井,里,深"
李深,1,"客,坐,正,看,但"
崔惠童,1,"日,相,月,春,昨"
朱彬,1,"暂,抱,垂,卧,日"
崔瓘,1,"寂,霏,寒,今,先"
王观,1,"趋,鸡,烛,烟,火"
范元凯,1,"神,女,翠,拾,回"
李彦远,1,"采,踯,金,岂,赠"
杜奕,1,"忆,长,追,景,美"
崔敏童,1,"年,百,岁,几,辞"
李夷简,1,"游,当,经,旧,有"
元友直,1,"柳,聚,从,垂,处"
张偁,1,"飒,霏,秋,君,处"
陈孙,1,"鸡,书,将,非,重"
朱宿,1,"寺,月,地,林,迟"
崔成甫,1,"我,潇,仙,酒,捉"
薛维翰,1,"美,红,人,双,烛"
郭受,1,"新,松,酒,熟,傍"
吉中孚妻,1,"月,拜,新,年,前"
郑昈,1,"花,朝,早,知,弥"
古之奇,1,"生,人,板,抱,下"
杜诵,1,"道,水,涯,尽,浮"
李阳冰,1,"阮,客,身,在,仙"
吕牧,1,"泾,渔,草,掩,波"
张叔良,1,"凤,阙,光,连,雪"
潘炎,1,"照,琰,明,花,粉"
王铤,1,"时,往,云,谬,鸟"
韦元甫,1,"木,兰,父,军,马"
杨郇伯,1,"花,尽,从,迷,锦"
房孺复,1,"湘,烦,知,性,命"
郑孺华,1,"馥,青,孙,春,香"
于结,1,"比,玉,蘋,藻,用"
綦毋诚,1,"谪,陂,茅,君,洞"
王绰,1,"玉,新,螭,动,旌"
崔宗之,1,"风,有,耿,历,素"
魏万,1,"山,长,二,子,海"
丁位,1,"依,袅,小,苑,连"
张莒,1,"朝,万,花,处,见"
张昔,1,"小,变,宫,雪,曙"
常沂,1,"森,映,枝,石,固"
张濛,1,"南,玉,夏,出,重"
李峰,1,"鹊,哀,归,日,鸾"
畅诸,1,"献,梅,闻,归,雁"
元友让,1,"昔,到,水,门,径"
王储,1,"至,东,楼,御,马"
独孤授,1,"苑,连,户,竹,香"
张惟俭,1,"当,多,汉,衣,冠"
李竦,1,"候,超,行,临,观"
崔琮,1,"应,律,文,物,盛"
高拯,1,"公,伦,九,十,如"
周彻,1,"建,门,声,临,雁"
仲子陵,1,"澄,烂,万,皆,鉴"
独孤绶,1,"至,怀,月,落,波"
王濯,1,"御,早,红,蕊,发"
郑辕,1,"明,改,馀,第,暖"
韩濬,1,"辉,灼,更,金,鼎"
史延,1,"万,翠,和,柳,嫩"
王智兴,1,"十,年,独,我,尘"
邵真,1,"日,昃,逢,相,厌"
于志宁,1,"陋,动,春,柳,花"
郑据,1,"多,事,今,外,心"
万彤云,1,"荷,天,王,物,家"
郑愕,1,"心,斤,春,岂,劳"
李谅,1,"知,日,称,书,到"
严休复,1,"玉,终,唯,潜,下"
繁知一,1,"忠,报,清,候,雨"
张彤,1,"山,树,凌,看,掇"
韦式,1,"竹,仙,正,惊,龙"
张浑,1,"垂,共,波,带,罗"
卢真,1,"共,日,犹,万,同"
刘真,1,"未,当,垂,处,花"
何频瑜,1,"积,霜,飞,著,树"
吉皎,1,"任,酒,休,竹,须"
胡杲,1,"白,同,大,年,挂"
殷少野,1,"官,感,雨,润,对"
樊宗师,1,"人,洄,穹,丛,溅"
陈讽,1,"寒,偏,曾,比,德"
李行敏,1,"素,纷,漠,缣,披"
高弁,1,"层,变,门,柳,初"
李穆,1,"处,云,行,湲,潺"
李岘,1,"阖,闾,起,雨,雷"
姚发,1,"良,天,草,玩,春"
王损之,1,"积,看,色,媚,空"
封孟绅,1,"欲,由,悠,步,芳"
邵楚苌,1,"迟,春,树,云,歌"
独孤良弼,1,"巳,待,迷,白,雪"
徐牧,1,"处,临,时,清,里"
王公亮,1,"春,生,觉,流,澌"
曹著,1,"渚,照,瑶,华,散"
贾邕,1,"子,暮,千,里,途"
李君何,1,"晴,景,野,雪,遥"
裴澄,1,"漠,溶,散,似,灭"
刘舟,1,"大,名,散,灞,岸"
长孙铸,1,"悠,大,落,关,外"
房白,1,"时,子,策,别,亭"
刘氏瑶,1,"飞,脉,耿,青,遥"
元晟,1,"吾,见,常,澹,作"
刘太冲,1,"吾,逶,东,州,路"
俞简,1,"前,路,径,虽,云"
胡直钧,1,"异,音,随,鸾,吹"
杜元颖,1,"见,重,矩,明,德"
王鉴,1,"玉,夤,知,有,异"
吴丹,1,"悠,漾,玉,沙,光"
郑俞,1,"积,比,龙,泉,夜"
王迥,1,"今,屈,发,家,乐"
庾承宣,1,"欣,曈,宿,几,愁"
李季何,1,"霭,年,霞,纷,共"
许尧佐,1,"石,敛,归,旧,壑"
陆复礼,1,"令,方,恩,度,春"
杨续,1,"狭,列,疑,宿,雾"
王履贞,1,"大,异,明,起,非"
于敖,1,"玉,能,梦,窗,闲"
卢士政,1,"台,华,霭,光,凌"
独孤实,1,"仙,郎,歌,扇,举"
滕珦,1,"学,棣,纷,太,儒"
徐放,1,"玉,爽,月,清,光"
张正一,1,"苍,高,朱,积,思"
赵宗儒,1,"益,部,朝,天,阙"
郑虔,1,"银,钥,妾,卧,独"
皇甫镛,1,"沈,华,台,梦,惊"
韦济,1,"陆,海,通,鳷,鹊"
田澄,1,"蜀,旅,鱼,米,山"
沈东美,1,"苒,传,文,绂,朱"
张署,1,"舟,九,天,远,泛"
韦执中,1,"早,我,求,仙,侣"
褚遂良,1,"伏,落,莺,晚,风"
骆浚,1,"干,低,鸯,鸳,却"
李正辞,1,"冉,依,从,曳,排"
李君房,1,"喧,流,驻,平,森"
陈师穆,1,"晴,明,攀,及,仙"
车缅,1,"元,高,抗,晴,溶"
李应,1,"朝,玄,驭,缥,缈"
敬括,1,"正,前,助,微,明"
胡证,1,"飞,词,然,尽,精"
陆瀍,1,"激,水,座,兰,蕙"
崔恭,1,"情,风,潜,窦,激"
韩察,1,"公,苍,迹,逸,尘"
张弘靖,1,"丛,石,归,田,竟"
刘遵古,1,"袅,悠,韶,色,嫩"
贾棱,1,"袅,依,御,离,云"
夏方庆,1,"堪,年,寂,净,苔"
陈九流,1,"阳,迟,袅,喜,还"
柳道伦,1,"生,风,微,花,青"
邵偃,1,"微,烟,花,间,叶"
豆卢荣,1,"习,迟,春,飏,啼"
樊阳源,1,"濛,袅,珍,摇,凌"
韦纾,1,"嘉,极,祯,祥,异"
高傪,1,"杳,霭,招,再,朝"
苏,1,"青,幂,深,未,赏"
袁邕,1,"终,日,云,凌,有"
于瑰,1,"楼,秋,思,舟,游"
刘暌,1,"朱,轩,间,物,象"
邵士彦,1,"斜,调,啼,相,续"
李澄之,1,"游,客,明,虚,帐"
韩屿,1,"定,舄,鹤,毛,干"
李祜,1,"京,最,袁,入,竹"
李行言,1,"秦,河,马,闲,戍"
郭利贞,1,"处,九,家,熳,惟"
油蔚,1,"卿,生,玉,只,向"
元希声,1,"有,非,子,动,君"
杨玉环,1,"香,袅,罗,乍,拂"
江妃,1,"桂,长,寂,慰,珠"
幸夤逊,1,"朝,勃,元,尊,必"
李如璧,1,"怜,月,君,明,向"
解彦融,1,"峥,临,浃,风,冷"
夏鸿,1,"翰,林,莹,澈,尼"
洪子舆,1,"汉,垂,羞,蘋,掇"
王继勋,1,"白,认,呼,唤,易"
沈韬文,1,"归,菰,米,蘋,花"
杜建徽,1,"有,胆,剑,斫,缺"
寇泚,1,"悠,山,涂,风,騑"
丁元和,1,"九,重,乾,挂,字"
刘山甫,1,"坏,墙,由,却,衰"
吴兢,1,"凤,华,川,游,秾"
李曜,1,"经,日,川,媚,取"
吴圆,1,"日,曳,韶,掌,珠"
陆弘休,1,"声,态,莫,暗,逐"
安锜,1,"倚,驰,超,先,辈"
谢陶,1,"言,祸,福,水,火"
朱琳,1,"年,婿,海,懒,寄"
陈述,1,"插,色,怜,夺,恐"
李何,1,"向,许,难,客,有"
符子珪,1,"曈,花,芳,遂,吹"
郭恭,1,"秋,至,随,即,肯"
吕太一,1,"擢,青,徒,成,未"
徐安期,1,"传,闻,画,待,眉"
徐璧,1,"双,檐,乡,故,道"
朱绛,1,"独,坐,语,针,停"
颜舒,1,"年,佳,秋,明,月"
李习,1,"寂,古,寺,又,春"
郑蜀宾,1,"畏,途,黄,入,处"
牛凤及,1,"羽,八,里,石,天"
曾麻几,1,"孤,绿,肠,断,用"
金昌绪,1,"啼,打,起,黄,莺"
宋务光,1,"沄,大,浪,浩,休"
张震,1,"王,悠,朝,华,容"
何象,1,"塞,日,御,护,沈"
何仲举,1,"似,玉,投,狱,抛"
刘羲叟,1,"徐,出,譬,养,长"
刘义度,1,"昨,紫,意,有,山"
孙岘,1,"万,日,韵,风,初"
王景,1,"玉,缀,披,天,藻"
毕乾泰,1,"鹦,流,妙,法,阐"
陈彦,1,"寂,衡,问,闲,却"
朱存,1,"翩,雷,惊,多,雨"
韩垂,1,"山,间,影,还,作"
李询,1,"札,人,样,花,嫌"
陈沆,1,"云,啖,腰,大,借"
梁藻,1,"翡,翠,石,靠,茶"
李羽,1,"塞,将,战,百,场"
陈元裕,1,"滔,湛,星,槎,远"
何昌龄,1,"有,经,向,谁,木"
韩定辞,1,"崇,霞,儿,雪,堪"
马彧,1,"绵,燧,后,王,见"
查文徽,1,"别,刀,发,只,应"
麹瞻,1,"扈,跸,秋,日,丽"
包颖,1,"生,吟,游,半,似"
樊忱,1,"净,十,祥,云,合"
孙佺,1,"应,闉,井,偏,宜"
李从远,1,"九,月,献,攀,萸"
辛替否,1,"洪,慈,飞,御,藻"
谢仲宣,1,"亭,送,峰,静,境"
梁震,1,"桑,田,荆,凛,古"
钟蒨,1,"飘,点,随,蓬,辞"
路洵美,1,"帘,生,华,湿,衣"
刘章,1,"吴,石,裙,下,从"
张观,1,"未,雨,舟,横,别"
毛明素,1,"冶,长,贵,知,方"
杨徽之,1,"清,别,翠,滴,向"
伍彬,1,"潺,前,荻,冲,山"
王正己,1,"病,起,客,借,闲"
窦希玠,1,"銮,九,桂,叶,金"
陆景初,1,"九,秋,浮,秬,鬯"
郑南金,1,"重,阳,浮,圣,酒"
李咸,1,"重,直,迎,酒,泛"
杨鼎夫,1,"青,刻,携,弱,杖"
于经野,1,"御,微,鸿,度,承"
李浩弼,1,"年,被,人,尽,岩"
王锴,1,"时,长,安,访,闻"
张格,1,"龙,画,罗,汉,惊"
周庠,1,"时,昨,江,欲,添"
王沂,1,"望,静,飘,山,云"
乔舜,1,"漂,飒,掺,欲,沙"
何赞,1,"里,果,阔,文,翁"
董初,1,"犹,新,唯,相,识"
韦鼎,1,"君,白,秋,早,亭"
张陵,1,"今,春,心,军,六"
王绍宗,1,"妇,迟,庭,正,日"
郑遂初,1,"玉,荡,空,红,颜"
徐介,1,"手,接,千,古,风"
萧意,1,"从,别,銮,殿,长"
卢鉟,1,"桑,王,花,迷,眼"
戴休珽,1,"相,穷,投,逐,戈"
刘元叔,1,"阳,夜,如,空,燕"
潘求仁,1,"人,烛,相,似,通"
蔡瑰,1,"妆,日,时,愁,相"
徐之才,1,"踟,蹰,相,长,必"
郑轨,1,"棠,霞,俱,似,雪"
张楚金,1,"有,悠,知,古,追"
周岳秀,1,"万,江,岫,光,浓"
谢太虚,1,"客,日,复,江,漂"
韦镒,1,"立,累,人,大,功"
麻温其,1,"湖,客,门,统,轩"
郑玉,1,"凄,水,会,雨,风"
裴瑶,1,"五,有,愁,起,寞"
杨彝,1,"江,冥,客,天,矶"
何敬,1,"龙,清,通,滚,溪"
司马逸客,1,"朝,雅,水,知,谁"
赵防,1,"凉,鶺,声,出,云"
刘廓,1,"处,千,欲,更,茂"
姚偓,1,"修,明,山,麓,青"
沈祖仙,1,"白,炉,蜘,蛛,喜"
徐谦,1,"穷,通,青,云,里"
冯道之,1,"生,霭,潺,草,人"
蔡允恭,1,"依,淼,久,欲,渐"
李聪,1,"泠,涓,清,溪,雾"
杨持,1,"刺,看,承,谒,最"
赵湘,1,"白,石,苔,生,发"
张怀,1,"乘,多,年,鱼,未"
杨行敏,1,"杜,知,溪,山,鹃"
范夜,1,"举,游,珪,宋,望"
方棫,1,"午,如,窗,小,傍"
卫万,1,"见,江,吴,王,宫"
冷朝光,1,"越,人,春,尽,蘋"
冯待征,1,"君,妾,相,年,时"
刘望,1,"有,鼎,徒,日,月"
李伉,1,"问,水,江,汉,棹"
崔江,1,"怨,那,建,山,巫"
李建枢,1,"圆,夜,年,昨,十"
戴衢,1,"扰,东,水,流,闻"
萧妃,1,"梦,昨,薄,书,雁"
欧阳宾,1,"水,头,人,业,旧"
唐温如,1,"西,风,星,压,梦"
李澣,1,"石,坐,尘,吊,断"
王梦周,1,"还,能,花,出,犹"
卢子发,1,"时,轮,除,却,钱"
李伦,1,"在,云,世,兵,罹"
沈麟,1,"人,石,南,孤,天"
李逸,1,"离,亭,千,里,至"
潘佐,1,"江,畔,亭,敬,画"
潘图,1,"归,利,骨,肉,亦"
张保嗣,1,"绿,手,儿,恼,敢"
李谨言,1,"绣,球,如,旧,炉"
张子明,1,"翩,只,江,几,回"
严郭,1,"禽,莫,海,燕,巢"
曹修古,1,"荷,佳,春,立,盖"
王邵,1,"寒,更,深,巷,静"
李得,1,"漠,霏,胜,苍,茫"
殷益,1,"拥,须,露,馨,香"
房融,1,"零,岭,花,发,凌"
刘夷道,1,"丹,及,作,长,秋"
杨齐哲,1,"地,险,河,光,流"
刘戬,1,"碧,呼,月,难,暗"
孙咸,1,"独,入,烟,霞,谁"
殷陶,1,"花,时,马,棚,水"
黄文,1,"黄,潇,马,画,好"
罗炯,1,"前,二,飞,遮,官"
慕容韦,1,"闽,歌,神,望,北"
王瓒,1,"未,水,夕,到,溟"
赵起,1,"睿,想,凝,神,处"
王言史,1,"南,堕,润,窥,霖"
王揆,1,"人,昔,六,官,会"
韦道逊,1,"日,斜,随,流,响"
钱戭,1,"指,音,多,物,役"
冯少吉,1,"书,少,如,后,惜"
张仲谋,1,"未,天,门,尝,重"
秦尚运,1,"青,山,阴,梦,斗"
李延陵,1,"发,闲,人,花,见"
安鸿渐,1,"端,毫,般,五,间"
李韶,1,"梁,代,度,年,千"
罗维,1,"任,王,同,至,洁"
李建业,1,"簇,道,摇,远,荒"
陈政,1,"清,山,流,风,园"
陈嶰,1,"微,华,见,花,松"
苗仲方,1,"南,宫,原,佳,气"
韩雄,1,"共,寻,随,畦,入"
高越,1,"雪,人,草,浅,原"
周利用,1,"山,叨,天,迥,禅"
李渥,1,"越,王,弄,朝,阳"
张渐,1,"月,分,孤,人,亏"
卢嗣业,1,"未,饘,求,秋,赋"
许三畏,1,"真,本,阆,简,事"
李廷璧,1,"相,难,到,倚,尽"
卢携,1,"姓,卑,屯,叹,用"
崔珪,1,"征,独,暗,愁,孤"
刘济,1,"年,将,功,王,桑"
元载,1,"年,海,秦,到,霰"
余延寿,1,"枝,吹,起,春,娜"
鲍氏君徽,1,"风,高,闻,明,匣"
厍狄履温,1,"沉,更,薄,明,有"
刘子玄,1,"军,妙,营,长,杨"
羊昭业,1,"泽,国,渐,浓,偏"
魏朴,1,"夜,塘,问,玉,况"
崔璐,1,"言,子,人,河,神"
陈黯,1,"玳,瑁,妆,面,满"
欧阳澥,1,"翩,谁,双,后,前"
孙蜀,1,"月,度,那,翁,圆"
梁升卿,1,"意,重,云,入,晋"
吴巩,1,"山,径,逢,皆,胜"
崔信明,1,"月,君,金,我,挂"
郑合,1,"时,春,五,头,状"
李克恭,1,"玄,底,搜,净,月"
程贺,1,"山,曾,昆,庭,洞"
卢尚卿,1,"九,重,从,玉,帐"
徐知仁,1,"照,国,南,日,夏"
陈乘,1,"汗,城,宅,分,岛"
谈戭,1,"指,音,多,物,役"
蔡隐丘,1,"山,当,仙,渡,欲"
唐廪,1,"逗,竹,外,鹤,归"
林嵩,1,"台,深,城,丛,发"
汪极,1,"南,波,玲,珑,影"
蔡希周,1,"天,风,兰,气,冲"
陆扆,1,"曙,梦,温,树,近"
樊晃,1,"南,路,岭,开,先"
裴贽,1,"谬,持,怀,器,业"
史青,1,"今,明,空,园,后"
狄归昌,1,"依,马,下,杨,怨"
朱子奢,1,"神,楸,向,垄,没"
王宏,1,"城,飞,君,叠,莓"
韩仪,1,"短,行,明,色,春"
李屿,1,"动,岳,浩,落,舟"
姚岩杰,1,"公,我,生,报,饭"
朱仲晦,1,"子,我,从,问,林"
王镣,1,"朱,门,击,石,易"
卢骈,1,"寿,夭,冲,更,处"
裴士淹,1,"长,安,月,就,起"
裴铏,1,"文,萤,未,肯,抛"
高湘,1,"谢,安,飞,重,子"
高璩,1,"州,剑,楼,欢,娱"
徐商,1,"朱,照,红,灼,烁"
崔亘,1,"夜,轻,有,今,朝"
杨颜,1,"日,小,家,野,竹"
张汯,1,"年,离,寒,寄,处"
刘元济,1,"玉,关,惊,梦,空"
刘阜,1,"沉,君,宫,闻,思"
郑嵎,1,"玉,山,金,月,相"
李体仁,1,"漠,翩,丹,类,网"
卢栯,1,"图,向,孤,征,雁"
刘璐,1,"隔,楼,徵,朝,客"
王岳灵,1,"漏,肃,残,泠,杳"
崔澹,1,"怪,清,侍,汉,曾"
陆肱,1,"郁,声,栖,代,色"
卢邺,1,"郎,莫,京,楫,舟"
王传,1,"朱,兰,府,色,饶"
潘唐,1,"圣,行,苑,钟,声"
周万,1,"往,著,方,投,刺"
崔安潜,1,"年,四,日,龙,鬣"
刘损,1,"泪,下,将,金,难"
孙纬,1,"谁,秋,追,友,玩"
何仲宣,1,"日,朝,冉,历,罗"
郑洪业,1,"德,梁,汉,土,玉"
韦承贻,1,"成,扰,才,条,烛"
李元操,1,"暧,隐,冠,火,免"
伊璠,1,"同,绣,青,化,四"
牛徵,1,"危,楼,看,草,色"
陶岘,1,"匡,翻,叶,夕,阳"
萧德言,1,"低,身,花,似,雪"
裴澈,1,"章,江,般,两,作"
张演,1,"家,鹅,湖,人,醉"
杨濬,1,"高,生,牖,照,钩"
刘义,1,"鸟,丑,妇,兽,有"
顾封人,1,"亭,皎,芬,发,露"
李拯,1,"紫,宸,长,满,旧"
姚氏月华,1,"春,对,向,君,离"
李嵘,1,"鸡,树,广,到,堤"
陈琡,1,"行,常,止,器,离"
张丛,1,"岩,岫,寒,深,洞"
赵骅,1,"西,掖,郊,远,舟"
赵中虚,1,"游,青,抗,廊,长"
康庭芝,1,"天,俦,将,眉,学"
裴皞,1,"门,生,宦,主,下"
张景源,1,"飞,日,香,辇,凭"
朱褒,1,"归,魂,琶,琵,系"
邓洵美,1,"日,然,词,八,早"
王镕,1,"喜,印,沈,月,然"
李暠,1,"偃,武,千,品,降"
陆坚,1,"惟,圣,主,迈,昔"
程行谌,1,"锵,圣,长,承,帝"
刘辟,1,"下,窗,情,渺,流"
褚琇,1,"华,讲,翠,清,永"
郑颋,1,"幻,有,人,生,还"
张文收,1,"泪,倘,魂,梦,道"
王易简,1,"汩,没,有,职,官"
王希羽,1,"高,金,九,八,第"
李密,1,"襟,沾,古,平,将"
杨奇鲲,1,"风,里,林,狖,啼"
赵叔达,1,"法,栋,令,俚,柔"
南诏骠信,1,"极,避,感,皇,运"
王良会,1,"德,共,气,爽,乐"
王越宾,1,"碧,坞,皇,吾,托"
高力士,1,"两,京,都,味,气"
陈璠,1,"积,空,柯,南,异"
朱元,1,"今,朱,马,竹,昔"
李京,1,"长,却,镜,色,隙"
崔居俭,1,"艰,汉,祀,率,茂"
韦抗,1,"广,经,初,移,律"
崔尚,1,"乐,春,见,催,相"
李恒,1,"宝,愿,英,秀,仙"
刘洞,1,"悠,石,许,水,江"
陈贶,1,"依,景,见,虑,花"
刘升,1,"图,涉,千,钟,洽"
李徵古,1,"欲,开,丹,到,路"
裴光庭,1,"乐,贤,搢,洽,娱"
张义方,1,"家,纷,花,岂,光"
马致恭,1,"曾,天,渚,将,归"
李昉,1,"名,未,初,甘,令"
韦遵,1,"枯,箨,片,湘,荆"
刘坦,1,"金,殿,记,管,州"
杨昭俭,1,"池,园,竹,莲,莫"
宇文融,1,"申,文,杯,玉,酒"
卢文纪,1,"成,仁,九,传,叶"
崔沔,1,"乐,五,侯,座,垂"
张仁溥,1,"折,花,又,却,笼"
韩昭裔,1,"登,如,昭,作,饭"
高辇,1,"野,忧,虽,关,勇"
赵延寿,1,"黄,跑,逢,霜,果"
张隐,1,"位,正,追,更,必"
成辅端,1,"二,秦,顷,千,屋"
李赞华,1,"山,大,小,压,全"
韦冰,1,"时,迢,年,相,莫"
王祝,1,"女,几,即,见,孙"
刘谷,1,"迟,苎,别,惜,乡"
陆贞洞,1,"惆,清,二,第,姬"
崔颂,1,"优,云,真,意,郡"
丘说,1,"孝,视,承,人,兆"
刘畋,1,"云,末,渡,岸,尽"
阎立本,1,"山,巫,高,仙,君"
周祚,1,"春,花,时,莫,风"
胡骈,1,"林,白,荒,池,色"
崔庸,1,"人,莫,丹,客,活"
李旭,1,"凌,蚁,珠,每,被"
孙翃,1,"受,长,秋,阴,尽"
孙定,1,"行,东,明,挂,堂"
刘崇鲁,1,"南,有,都,郑,似"
刘崇龟,1,"碧,幢,渔,钓,溪"
徐仁友,1,"琴,孤,日,落,广"
裴谐,1,"工,似,向,从,蜂"
薛准,1,"旧,谁,速,乞,身"
苏绾,1,"汉,主,惊,春,早"
王涤,1,"年,浣,纱,春,向"
李昌邺,1,"红,应,剡,归,花"
王巨仁,1,"苍,愁,今,但,语"
王硕,1,"姓,教,旧,家,东"
长屋,1,"山,川,异,域,风"
朝衡,1,"衔,命,乡,路,远"
杜常,1,"入,行,朝,雨,作"
房琯,1,"极,信,更,殊,各"
崔禹锡,1,"煌,云,塞,赫,油"
张直,1,"卧,鸡,君,连,春"
荆浩,1,"恣,平,喷,泉,窄"
刘赞,1,"名,人,麻,侵,雪"
周镛,1,"九,路,题,破,崖"
马冉,1,"泠,南,苍,空,暮"
颜荛,1,"言,师,举,即,霞"
张迥,1,"锦,字,蝉,鬓,凋"
蒋肱,1,"尽,江,剪,轻,风"
裴璀,1,"年,龙,泉,乾,休"
萧项,1,"轺,等,门,邻,里"
卢崇道,1,"如,竹,昔,纳,鸟"
高衢,1,"山,南,芳,李,桃"
张绮,1,"洛,云,寄,恨,遗"
李缟,1,"王,谢,会,思,千"
陆翚,1,"灼,青,莺,归,望"
